State,Indicator,Term,President,Cycle Duration,Overall Growth (%),Average Growth (%)
United States,Real GDP,Obama 1,Barack Obama,2009-2013,8.95,2.17
Alabama,Real GDP,Obama 1,Barack Obama,2009-2013,6.58,1.61
Alaska,Real GDP,Obama 1,Barack Obama,2009-2013,-0.59,-0.08
Arizona,Real GDP,Obama 1,Barack Obama,2009-2013,7.73,1.88
Arkansas,Real GDP,Obama 1,Barack Obama,2009-2013,9.11,2.21
California,Real GDP,Obama 1,Barack Obama,2009-2013,10.88,2.62
Colorado,Real GDP,Obama 1,Barack Obama,2009-2013,9.37,2.27
Connecticut,Real GDP,Obama 1,Barack Obama,2009-2013,-2.49,-0.62
Delaware,Real GDP,Obama 1,Barack Obama,2009-2013,-0.77,-0.16
District of Columbia,Real GDP,Obama 1,Barack Obama,2009-2013,7.31,1.79
Florida,Real GDP,Obama 1,Barack Obama,2009-2013,4.72,1.17
Georgia,Real GDP,Obama 1,Barack Obama,2009-2013,7.73,1.88
Hawaii,Real GDP,Obama 1,Barack Obama,2009-2013,8.66,2.1
Idaho,Real GDP,Obama 1,Barack Obama,2009-2013,5.7,1.42
Illinois,Real GDP,Obama 1,Barack Obama,2009-2013,7.38,1.8
Indiana,Real GDP,Obama 1,Barack Obama,2009-2013,11.15,2.71
Iowa,Real GDP,Obama 1,Barack Obama,2009-2013,9.14,2.22
Kansas,Real GDP,Obama 1,Barack Obama,2009-2013,6.2,1.52
Kentucky,Real GDP,Obama 1,Barack Obama,2009-2013,10.43,2.52
Louisiana,Real GDP,Obama 1,Barack Obama,2009-2013,-2.23,-0.5
Maine,Real GDP,Obama 1,Barack Obama,2009-2013,0.41,0.11
Maryland,Real GDP,Obama 1,Barack Obama,2009-2013,8.43,2.06
Massachusetts,Real GDP,Obama 1,Barack Obama,2009-2013,10.35,2.5
Michigan,Real GDP,Obama 1,Barack Obama,2009-2013,13.57,3.24
Minnesota,Real GDP,Obama 1,Barack Obama,2009-2013,11.08,2.66
Mississippi,Real GDP,Obama 1,Barack Obama,2009-2013,3.49,0.86
Missouri,Real GDP,Obama 1,Barack Obama,2009-2013,4.3,1.07
Montana,Real GDP,Obama 1,Barack Obama,2009-2013,10.2,2.46
Nebraska,Real GDP,Obama 1,Barack Obama,2009-2013,11.4,2.76
Nevada,Real GDP,Obama 1,Barack Obama,2009-2013,3.03,0.75
New Hampshire,Real GDP,Obama 1,Barack Obama,2009-2013,7.1,1.74
New Jersey,Real GDP,Obama 1,Barack Obama,2009-2013,4.5,1.12
New Mexico,Real GDP,Obama 1,Barack Obama,2009-2013,-0.8,-0.2
New York,Real GDP,Obama 1,Barack Obama,2009-2013,8.87,2.16
North Carolina,Real GDP,Obama 1,Barack Obama,2009-2013,5.03,1.24
North Dakota,Real GDP,Obama 1,Barack Obama,2009-2013,52.04,11.3
Ohio,Real GDP,Obama 1,Barack Obama,2009-2013,9.45,2.29
Oklahoma,Real GDP,Obama 1,Barack Obama,2009-2013,12.26,2.95
Oregon,Real GDP,Obama 1,Barack Obama,2009-2013,7.15,1.75
Pennsylvania,Real GDP,Obama 1,Barack Obama,2009-2013,9.14,2.21
Rhode Island,Real GDP,Obama 1,Barack Obama,2009-2013,4.69,1.16
South Carolina,Real GDP,Obama 1,Barack Obama,2009-2013,8.73,2.12
South Dakota,Real GDP,Obama 1,Barack Obama,2009-2013,9.84,2.4
Tennessee,Real GDP,Obama 1,Barack Obama,2009-2013,10.8,2.6
Texas,Real GDP,Obama 1,Barack Obama,2009-2013,17.6,4.14
Utah,Real GDP,Obama 1,Barack Obama,2009-2013,10.74,2.59
Vermont,Real GDP,Obama 1,Barack Obama,2009-2013,6.52,1.61
Virginia,Real GDP,Obama 1,Barack Obama,2009-2013,6.23,1.53
Washington,Real GDP,Obama 1,Barack Obama,2009-2013,12.45,2.98
West Virginia,Real GDP,Obama 1,Barack Obama,2009-2013,4.32,1.07
Wisconsin,Real GDP,Obama 1,Barack Obama,2009-2013,8.75,2.13
Wyoming,Real GDP,Obama 1,Barack Obama,2009-2013,-5.4,-1.36
United States,Real Personal Income,Obama 1,Barack Obama,2009-2013,8.28,2.02
Alabama,Real Personal Income,Obama 1,Barack Obama,2009-2013,0.68,0.17
Alaska,Real Personal Income,Obama 1,Barack Obama,2009-2013,12.92,3.15
Arizona,Real Personal Income,Obama 1,Barack Obama,2009-2013,10.61,2.56
Arkansas,Real Personal Income,Obama 1,Barack Obama,2009-2013,5.57,1.4
California,Real Personal Income,Obama 1,Barack Obama,2009-2013,11.99,2.88
Colorado,Real Personal Income,Obama 1,Barack Obama,2009-2013,14.08,3.35
Connecticut,Real Personal Income,Obama 1,Barack Obama,2009-2013,0.75,0.24
Delaware,Real Personal Income,Obama 1,Barack Obama,2009-2013,6.85,1.7
District of Columbia,Real Personal Income,Obama 1,Barack Obama,2009-2013,12.34,2.99
Florida,Real Personal Income,Obama 1,Barack Obama,2009-2013,7.26,1.79
Georgia,Real Personal Income,Obama 1,Barack Obama,2009-2013,2.19,0.58
Hawaii,Real Personal Income,Obama 1,Barack Obama,2009-2013,4.11,1.05
Idaho,Real Personal Income,Obama 1,Barack Obama,2009-2013,12.02,2.88
Illinois,Real Personal Income,Obama 1,Barack Obama,2009-2013,8.31,2.02
Indiana,Real Personal Income,Obama 1,Barack Obama,2009-2013,8.66,2.11
Iowa,Real Personal Income,Obama 1,Barack Obama,2009-2013,8.26,2.04
Kansas,Real Personal Income,Obama 1,Barack Obama,2009-2013,9.31,2.28
Kentucky,Real Personal Income,Obama 1,Barack Obama,2009-2013,2.73,0.68
Louisiana,Real Personal Income,Obama 1,Barack Obama,2009-2013,3.41,0.85
Maine,Real Personal Income,Obama 1,Barack Obama,2009-2013,0.68,0.2
Maryland,Real Personal Income,Obama 1,Barack Obama,2009-2013,5.29,1.33
Massachusetts,Real Personal Income,Obama 1,Barack Obama,2009-2013,8.68,2.11
Michigan,Real Personal Income,Obama 1,Barack Obama,2009-2013,7.92,1.94
Minnesota,Real Personal Income,Obama 1,Barack Obama,2009-2013,11.82,2.85
Mississippi,Real Personal Income,Obama 1,Barack Obama,2009-2013,1.5,0.38
Missouri,Real Personal Income,Obama 1,Barack Obama,2009-2013,1.37,0.36
Montana,Real Personal Income,Obama 1,Barack Obama,2009-2013,12.01,2.9
Nebraska,Real Personal Income,Obama 1,Barack Obama,2009-2013,10.29,2.57
Nevada,Real Personal Income,Obama 1,Barack Obama,2009-2013,7.63,1.87
New Hampshire,Real Personal Income,Obama 1,Barack Obama,2009-2013,7.38,1.82
New Jersey,Real Personal Income,Obama 1,Barack Obama,2009-2013,5.92,1.46
New Mexico,Real Personal Income,Obama 1,Barack Obama,2009-2013,1.67,0.44
New York,Real Personal Income,Obama 1,Barack Obama,2009-2013,9.14,2.22
North Carolina,Real Personal Income,Obama 1,Barack Obama,2009-2013,-0.63,-0.12
North Dakota,Real Personal Income,Obama 1,Barack Obama,2009-2013,30.72,7.06
Ohio,Real Personal Income,Obama 1,Barack Obama,2009-2013,7.33,1.8
Oklahoma,Real Personal Income,Obama 1,Barack Obama,2009-2013,13.03,3.12
Oregon,Real Personal Income,Obama 1,Barack Obama,2009-2013,7.06,1.72
Pennsylvania,Real Personal Income,Obama 1,Barack Obama,2009-2013,8.76,2.13
Rhode Island,Real Personal Income,Obama 1,Barack Obama,2009-2013,7.45,1.86
South Carolina,Real Personal Income,Obama 1,Barack Obama,2009-2013,5.03,1.24
South Dakota,Real Personal Income,Obama 1,Barack Obama,2009-2013,5.25,1.37
Tennessee,Real Personal Income,Obama 1,Barack Obama,2009-2013,5.9,1.45
Texas,Real Personal Income,Obama 1,Barack Obama,2009-2013,16.32,3.88
Utah,Real Personal Income,Obama 1,Barack Obama,2009-2013,14.27,3.4
Vermont,Real Personal Income,Obama 1,Barack Obama,2009-2013,6.81,1.68
Virginia,Real Personal Income,Obama 1,Barack Obama,2009-2013,4.71,1.19
Washington,Real Personal Income,Obama 1,Barack Obama,2009-2013,12.91,3.1
West Virginia,Real Personal Income,Obama 1,Barack Obama,2009-2013,-0.69,-0.15
Wisconsin,Real Personal Income,Obama 1,Barack Obama,2009-2013,5.88,1.45
Wyoming,Real Personal Income,Obama 1,Barack Obama,2009-2013,13.55,3.29
United States,Real PCE,Obama 1,Barack Obama,2009-2013,6.89,1.68
Alabama,Real PCE,Obama 1,Barack Obama,2009-2013,1.25,0.32
Alaska,Real PCE,Obama 1,Barack Obama,2009-2013,12.63,3.04
Arizona,Real PCE,Obama 1,Barack Obama,2009-2013,10.21,2.46
Arkansas,Real PCE,Obama 1,Barack Obama,2009-2013,2.44,0.61
California,Real PCE,Obama 1,Barack Obama,2009-2013,8.64,2.09
Colorado,Real PCE,Obama 1,Barack Obama,2009-2013,7.39,1.81
Connecticut,Real PCE,Obama 1,Barack Obama,2009-2013,5.92,1.46
Delaware,Real PCE,Obama 1,Barack Obama,2009-2013,9.05,2.19
District of Columbia,Real PCE,Obama 1,Barack Obama,2009-2013,9.79,2.37
Florida,Real PCE,Obama 1,Barack Obama,2009-2013,7.91,1.92
Georgia,Real PCE,Obama 1,Barack Obama,2009-2013,3.64,0.92
Hawaii,Real PCE,Obama 1,Barack Obama,2009-2013,6.51,1.6
Idaho,Real PCE,Obama 1,Barack Obama,2009-2013,9.31,2.26
Illinois,Real PCE,Obama 1,Barack Obama,2009-2013,5.55,1.36
Indiana,Real PCE,Obama 1,Barack Obama,2009-2013,5.31,1.3
Iowa,Real PCE,Obama 1,Barack Obama,2009-2013,4.8,1.19
Kansas,Real PCE,Obama 1,Barack Obama,2009-2013,2.18,0.55
Kentucky,Real PCE,Obama 1,Barack Obama,2009-2013,2.16,0.54
Louisiana,Real PCE,Obama 1,Barack Obama,2009-2013,3.53,0.87
Maine,Real PCE,Obama 1,Barack Obama,2009-2013,3.24,0.82
Maryland,Real PCE,Obama 1,Barack Obama,2009-2013,6.58,1.62
Massachusetts,Real PCE,Obama 1,Barack Obama,2009-2013,7.6,1.85
Michigan,Real PCE,Obama 1,Barack Obama,2009-2013,7.98,1.94
Minnesota,Real PCE,Obama 1,Barack Obama,2009-2013,7.69,1.87
Mississippi,Real PCE,Obama 1,Barack Obama,2009-2013,0.81,0.2
Missouri,Real PCE,Obama 1,Barack Obama,2009-2013,2.62,0.66
Montana,Real PCE,Obama 1,Barack Obama,2009-2013,10.32,2.5
Nebraska,Real PCE,Obama 1,Barack Obama,2009-2013,7.24,1.77
Nevada,Real PCE,Obama 1,Barack Obama,2009-2013,8.84,2.15
New Hampshire,Real PCE,Obama 1,Barack Obama,2009-2013,6.67,1.63
New Jersey,Real PCE,Obama 1,Barack Obama,2009-2013,5.34,1.32
New Mexico,Real PCE,Obama 1,Barack Obama,2009-2013,4.88,1.21
New York,Real PCE,Obama 1,Barack Obama,2009-2013,9.07,2.2
North Carolina,Real PCE,Obama 1,Barack Obama,2009-2013,5.39,1.32
North Dakota,Real PCE,Obama 1,Barack Obama,2009-2013,22.3,5.18
Ohio,Real PCE,Obama 1,Barack Obama,2009-2013,6.86,1.68
Oklahoma,Real PCE,Obama 1,Barack Obama,2009-2013,5.1,1.25
Oregon,Real PCE,Obama 1,Barack Obama,2009-2013,5.3,1.31
Pennsylvania,Real PCE,Obama 1,Barack Obama,2009-2013,6.87,1.68
Rhode Island,Real PCE,Obama 1,Barack Obama,2009-2013,4.25,1.05
South Carolina,Real PCE,Obama 1,Barack Obama,2009-2013,4.56,1.12
South Dakota,Real PCE,Obama 1,Barack Obama,2009-2013,5.23,1.29
Tennessee,Real PCE,Obama 1,Barack Obama,2009-2013,3.4,0.84
Texas,Real PCE,Obama 1,Barack Obama,2009-2013,11.47,2.76
Utah,Real PCE,Obama 1,Barack Obama,2009-2013,10.58,2.56
Vermont,Real PCE,Obama 1,Barack Obama,2009-2013,6.77,1.66
Virginia,Real PCE,Obama 1,Barack Obama,2009-2013,4.36,1.08
Washington,Real PCE,Obama 1,Barack Obama,2009-2013,10.05,2.43
West Virginia,Real PCE,Obama 1,Barack Obama,2009-2013,1.83,0.46
Wisconsin,Real PCE,Obama 1,Barack Obama,2009-2013,4.35,1.08
Wyoming,Real PCE,Obama 1,Barack Obama,2009-2013,7.73,1.89
United States,Real Per Capita Personal Income,Obama 1,Barack Obama,2009-2013,4.87,1.2
Alabama,Real Per Capita Personal Income,Obama 1,Barack Obama,2009-2013,-1.52,-0.38
Alaska,Real Per Capita Personal Income,Obama 1,Barack Obama,2009-2013,6.92,1.74
Arizona,Real Per Capita Personal Income,Obama 1,Barack Obama,2009-2013,6.9,1.69
Arkansas,Real Per Capita Personal Income,Obama 1,Barack Obama,2009-2013,3.51,0.9
California,Real Per Capita Personal Income,Obama 1,Barack Obama,2009-2013,8.1,1.98
Colorado,Real Per Capita Personal Income,Obama 1,Barack Obama,2009-2013,7.77,1.89
Connecticut,Real Per Capita Personal Income,Obama 1,Barack Obama,2009-2013,-0.6,-0.1
Delaware,Real Per Capita Personal Income,Obama 1,Barack Obama,2009-2013,2.94,0.76
District of Columbia,Real Per Capita Personal Income,Obama 1,Barack Obama,2009-2013,3.19,0.82
Florida,Real Per Capita Personal Income,Obama 1,Barack Obama,2009-2013,2.56,0.66
Georgia,Real Per Capita Personal Income,Obama 1,Barack Obama,2009-2013,-1.49,-0.34
Hawaii,Real Per Capita Personal Income,Obama 1,Barack Obama,2009-2013,-1.48,-0.34
Idaho,Real Per Capita Personal Income,Obama 1,Barack Obama,2009-2013,7.61,1.85
Illinois,Real Per Capita Personal Income,Obama 1,Barack Obama,2009-2013,6.94,1.7
Indiana,Real Per Capita Personal Income,Obama 1,Barack Obama,2009-2013,6.65,1.64
Iowa,Real Per Capita Personal Income,Obama 1,Barack Obama,2009-2013,5.84,1.46
Kansas,Real Per Capita Personal Income,Obama 1,Barack Obama,2009-2013,6.71,1.67
Kentucky,Real Per Capita Personal Income,Obama 1,Barack Obama,2009-2013,0.44,0.12
Louisiana,Real Per Capita Personal Income,Obama 1,Barack Obama,2009-2013,0.36,0.1
Maine,Real Per Capita Personal Income,Obama 1,Barack Obama,2009-2013,0.45,0.14
Maryland,Real Per Capita Personal Income,Obama 1,Barack Obama,2009-2013,1.2,0.32
Massachusetts,Real Per Capita Personal Income,Obama 1,Barack Obama,2009-2013,4.83,1.19
Michigan,Real Per Capita Personal Income,Obama 1,Barack Obama,2009-2013,7.42,1.82
Minnesota,Real Per Capita Personal Income,Obama 1,Barack Obama,2009-2013,8.75,2.14
Mississippi,Real Per Capita Personal Income,Obama 1,Barack Obama,2009-2013,0.55,0.14
Missouri,Real Per Capita Personal Income,Obama 1,Barack Obama,2009-2013,-0.02,0.02
Montana,Real Per Capita Personal Income,Obama 1,Barack Obama,2009-2013,8.49,2.08
Nebraska,Real Per Capita Personal Income,Obama 1,Barack Obama,2009-2013,6.72,1.73
Nevada,Real Per Capita Personal Income,Obama 1,Barack Obama,2009-2013,4.31,1.08
New Hampshire,Real Per Capita Personal Income,Obama 1,Barack Obama,2009-2013,6.17,1.53
New Jersey,Real Per Capita Personal Income,Obama 1,Barack Obama,2009-2013,3.22,0.8
New Mexico,Real Per Capita Personal Income,Obama 1,Barack Obama,2009-2013,-1.22,-0.29
New York,Real Per Capita Personal Income,Obama 1,Barack Obama,2009-2013,5.93,1.46
North Carolina,Real Per Capita Personal Income,Obama 1,Barack Obama,2009-2013,-4.22,-1.03
North Dakota,Real Per Capita Personal Income,Obama 1,Barack Obama,2009-2013,19.5,4.71
Ohio,Real Per Capita Personal Income,Obama 1,Barack Obama,2009-2013,6.56,1.62
Oklahoma,Real Per Capita Personal Income,Obama 1,Barack Obama,2009-2013,9.2,2.24
Oregon,Real Per Capita Personal Income,Obama 1,Barack Obama,2009-2013,3.91,0.96
Pennsylvania,Real Per Capita Personal Income,Obama 1,Barack Obama,2009-2013,7.24,1.77
Rhode Island,Real Per Capita Personal Income,Obama 1,Barack Obama,2009-2013,5.99,1.51
South Carolina,Real Per Capita Personal Income,Obama 1,Barack Obama,2009-2013,1.7,0.43
South Dakota,Real Per Capita Personal Income,Obama 1,Barack Obama,2009-2013,0.98,0.33
Tennessee,Real Per Capita Personal Income,Obama 1,Barack Obama,2009-2013,2.62,0.65
Texas,Real Per Capita Personal Income,Obama 1,Barack Obama,2009-2013,9.12,2.23
Utah,Real Per Capita Personal Income,Obama 1,Barack Obama,2009-2013,7.02,1.71
Vermont,Real Per Capita Personal Income,Obama 1,Barack Obama,2009-2013,5.45,1.35
Virginia,Real Per Capita Personal Income,Obama 1,Barack Obama,2009-2013,0.35,0.12
Washington,Real Per Capita Personal Income,Obama 1,Barack Obama,2009-2013,7.94,1.95
West Virginia,Real Per Capita Personal Income,Obama 1,Barack Obama,2009-2013,-1.17,-0.27
Wisconsin,Real Per Capita Personal Income,Obama 1,Barack Obama,2009-2013,4.26,1.06
Wyoming,Real Per Capita Personal Income,Obama 1,Barack Obama,2009-2013,9.43,2.34
United States,Real Per Capita PCE,Obama 1,Barack Obama,2009-2013,3.53,0.87
Alabama,Real Per Capita PCE,Obama 1,Barack Obama,2009-2013,-0.96,-0.24
Alaska,Real Per Capita PCE,Obama 1,Barack Obama,2009-2013,6.66,1.63
Arizona,Real Per Capita PCE,Obama 1,Barack Obama,2009-2013,6.52,1.59
Arkansas,Real Per Capita PCE,Obama 1,Barack Obama,2009-2013,0.44,0.11
California,Real Per Capita PCE,Obama 1,Barack Obama,2009-2013,4.87,1.2
Colorado,Real Per Capita PCE,Obama 1,Barack Obama,2009-2013,1.44,0.37
Connecticut,Real Per Capita PCE,Obama 1,Barack Obama,2009-2013,4.5,1.12
Delaware,Real Per Capita PCE,Obama 1,Barack Obama,2009-2013,5.06,1.24
District of Columbia,Real Per Capita PCE,Obama 1,Barack Obama,2009-2013,0.84,0.21
Florida,Real Per Capita PCE,Obama 1,Barack Obama,2009-2013,3.18,0.79
Georgia,Real Per Capita PCE,Obama 1,Barack Obama,2009-2013,-0.1,-0.0
Hawaii,Real Per Capita PCE,Obama 1,Barack Obama,2009-2013,0.79,0.21
Idaho,Real Per Capita PCE,Obama 1,Barack Obama,2009-2013,5.01,1.24
Illinois,Real Per Capita PCE,Obama 1,Barack Obama,2009-2013,4.21,1.04
Indiana,Real Per Capita PCE,Obama 1,Barack Obama,2009-2013,3.36,0.83
Iowa,Real Per Capita PCE,Obama 1,Barack Obama,2009-2013,2.46,0.62
Kansas,Real Per Capita PCE,Obama 1,Barack Obama,2009-2013,-0.25,-0.06
Kentucky,Real Per Capita PCE,Obama 1,Barack Obama,2009-2013,-0.13,-0.03
Louisiana,Real Per Capita PCE,Obama 1,Barack Obama,2009-2013,0.47,0.12
Maine,Real Per Capita PCE,Obama 1,Barack Obama,2009-2013,3.01,0.77
Maryland,Real Per Capita PCE,Obama 1,Barack Obama,2009-2013,2.43,0.61
Massachusetts,Real Per Capita PCE,Obama 1,Barack Obama,2009-2013,3.8,0.94
Michigan,Real Per Capita PCE,Obama 1,Barack Obama,2009-2013,7.48,1.82
Minnesota,Real Per Capita PCE,Obama 1,Barack Obama,2009-2013,4.73,1.16
Mississippi,Real Per Capita PCE,Obama 1,Barack Obama,2009-2013,-0.13,-0.03
Missouri,Real Per Capita PCE,Obama 1,Barack Obama,2009-2013,1.21,0.31
Montana,Real Per Capita PCE,Obama 1,Barack Obama,2009-2013,6.84,1.68
Nebraska,Real Per Capita PCE,Obama 1,Barack Obama,2009-2013,3.77,0.94
Nevada,Real Per Capita PCE,Obama 1,Barack Obama,2009-2013,5.48,1.35
New Hampshire,Real Per Capita PCE,Obama 1,Barack Obama,2009-2013,5.47,1.34
New Jersey,Real Per Capita PCE,Obama 1,Barack Obama,2009-2013,2.65,0.67
New Mexico,Real Per Capita PCE,Obama 1,Barack Obama,2009-2013,1.9,0.48
New York,Real Per Capita PCE,Obama 1,Barack Obama,2009-2013,5.86,1.44
North Carolina,Real Per Capita PCE,Obama 1,Barack Obama,2009-2013,1.59,0.4
North Dakota,Real Per Capita PCE,Obama 1,Barack Obama,2009-2013,11.8,2.84
Ohio,Real Per Capita PCE,Obama 1,Barack Obama,2009-2013,6.1,1.49
Oklahoma,Real Per Capita PCE,Obama 1,Barack Obama,2009-2013,1.54,0.39
Oregon,Real Per Capita PCE,Obama 1,Barack Obama,2009-2013,2.2,0.55
Pennsylvania,Real Per Capita PCE,Obama 1,Barack Obama,2009-2013,5.37,1.32
Rhode Island,Real Per Capita PCE,Obama 1,Barack Obama,2009-2013,2.83,0.7
South Carolina,Real Per Capita PCE,Obama 1,Barack Obama,2009-2013,1.24,0.31
South Dakota,Real Per Capita PCE,Obama 1,Barack Obama,2009-2013,0.96,0.25
Tennessee,Real Per Capita PCE,Obama 1,Barack Obama,2009-2013,0.2,0.05
Texas,Real Per Capita PCE,Obama 1,Barack Obama,2009-2013,4.57,1.13
Utah,Real Per Capita PCE,Obama 1,Barack Obama,2009-2013,3.56,0.89
Vermont,Real Per Capita PCE,Obama 1,Barack Obama,2009-2013,5.42,1.34
Virginia,Real Per Capita PCE,Obama 1,Barack Obama,2009-2013,0.02,0.01
Washington,Real Per Capita PCE,Obama 1,Barack Obama,2009-2013,5.21,1.28
West Virginia,Real Per Capita PCE,Obama 1,Barack Obama,2009-2013,1.34,0.34
Wisconsin,Real Per Capita PCE,Obama 1,Barack Obama,2009-2013,2.76,0.69
Wyoming,Real Per Capita PCE,Obama 1,Barack Obama,2009-2013,3.82,0.95
United States,Total Employment,Obama 1,Barack Obama,2009-2013,5.01,1.23
Alabama,Total Employment,Obama 1,Barack Obama,2009-2013,1.75,0.44
Alaska,Total Employment,Obama 1,Barack Obama,2009-2013,4.23,1.04
Arizona,Total Employment,Obama 1,Barack Obama,2009-2013,4.42,1.1
Arkansas,Total Employment,Obama 1,Barack Obama,2009-2013,1.71,0.43
California,Total Employment,Obama 1,Barack Obama,2009-2013,7.47,1.83
Colorado,Total Employment,Obama 1,Barack Obama,2009-2013,6.09,1.5
Connecticut,Total Employment,Obama 1,Barack Obama,2009-2013,2.29,0.57
Delaware,Total Employment,Obama 1,Barack Obama,2009-2013,3.63,0.9
District of Columbia,Total Employment,Obama 1,Barack Obama,2009-2013,6.57,1.6
Florida,Total Employment,Obama 1,Barack Obama,2009-2013,7.09,1.73
Georgia,Total Employment,Obama 1,Barack Obama,2009-2013,4.77,1.18
Hawaii,Total Employment,Obama 1,Barack Obama,2009-2013,4.62,1.14
Idaho,Total Employment,Obama 1,Barack Obama,2009-2013,2.56,0.64
Illinois,Total Employment,Obama 1,Barack Obama,2009-2013,2.73,0.68
Indiana,Total Employment,Obama 1,Barack Obama,2009-2013,4.57,1.13
Iowa,Total Employment,Obama 1,Barack Obama,2009-2013,3.08,0.76
Kansas,Total Employment,Obama 1,Barack Obama,2009-2013,3.08,0.76
Kentucky,Total Employment,Obama 1,Barack Obama,2009-2013,3.56,0.88
Louisiana,Total Employment,Obama 1,Barack Obama,2009-2013,4.43,1.09
Maine,Total Employment,Obama 1,Barack Obama,2009-2013,0.38,0.1
Maryland,Total Employment,Obama 1,Barack Obama,2009-2013,4.0,0.99
Massachusetts,Total Employment,Obama 1,Barack Obama,2009-2013,5.77,1.42
Michigan,Total Employment,Obama 1,Barack Obama,2009-2013,5.48,1.35
Minnesota,Total Employment,Obama 1,Barack Obama,2009-2013,3.84,0.95
Mississippi,Total Employment,Obama 1,Barack Obama,2009-2013,2.69,0.67
Missouri,Total Employment,Obama 1,Barack Obama,2009-2013,1.23,0.31
Montana,Total Employment,Obama 1,Barack Obama,2009-2013,3.65,0.9
Nebraska,Total Employment,Obama 1,Barack Obama,2009-2013,3.52,0.87
Nevada,Total Employment,Obama 1,Barack Obama,2009-2013,3.2,0.81
New Hampshire,Total Employment,Obama 1,Barack Obama,2009-2013,1.73,0.43
New Jersey,Total Employment,Obama 1,Barack Obama,2009-2013,2.82,0.7
New Mexico,Total Employment,Obama 1,Barack Obama,2009-2013,0.34,0.09
New York,Total Employment,Obama 1,Barack Obama,2009-2013,5.78,1.42
North Carolina,Total Employment,Obama 1,Barack Obama,2009-2013,4.24,1.05
North Dakota,Total Employment,Obama 1,Barack Obama,2009-2013,19.16,4.5
Ohio,Total Employment,Obama 1,Barack Obama,2009-2013,3.51,0.87
Oklahoma,Total Employment,Obama 1,Barack Obama,2009-2013,5.26,1.29
Oregon,Total Employment,Obama 1,Barack Obama,2009-2013,3.25,0.81
Pennsylvania,Total Employment,Obama 1,Barack Obama,2009-2013,3.5,0.87
Rhode Island,Total Employment,Obama 1,Barack Obama,2009-2013,2.4,0.6
South Carolina,Total Employment,Obama 1,Barack Obama,2009-2013,5.62,1.38
South Dakota,Total Employment,Obama 1,Barack Obama,2009-2013,4.45,1.09
Tennessee,Total Employment,Obama 1,Barack Obama,2009-2013,4.71,1.16
Texas,Total Employment,Obama 1,Barack Obama,2009-2013,9.36,2.27
Utah,Total Employment,Obama 1,Barack Obama,2009-2013,7.31,1.79
Vermont,Total Employment,Obama 1,Barack Obama,2009-2013,2.6,0.65
Virginia,Total Employment,Obama 1,Barack Obama,2009-2013,2.95,0.73
Washington,Total Employment,Obama 1,Barack Obama,2009-2013,4.62,1.14
West Virginia,Total Employment,Obama 1,Barack Obama,2009-2013,1.69,0.42
Wisconsin,Total Employment,Obama 1,Barack Obama,2009-2013,2.75,0.68
Wyoming,Total Employment,Obama 1,Barack Obama,2009-2013,3.36,0.83
United States,Real GDP,Obama 2,Barack Obama,2013-2017,10.11,2.44
Alabama,Real GDP,Obama 2,Barack Obama,2013-2017,4.66,1.15
Alaska,Real GDP,Obama 2,Barack Obama,2013-2017,-1.97,-0.49
Arizona,Real GDP,Obama 2,Barack Obama,2013-2017,11.46,2.76
Arkansas,Real GDP,Obama 2,Barack Obama,2013-2017,3.37,0.83
California,Real GDP,Obama 2,Barack Obama,2013-2017,17.1,4.03
Colorado,Real GDP,Obama 2,Barack Obama,2013-2017,16.16,3.82
Connecticut,Real GDP,Obama 2,Barack Obama,2013-2017,5.78,1.42
Delaware,Real GDP,Obama 2,Barack Obama,2013-2017,1.31,0.46
District of Columbia,Real GDP,Obama 2,Barack Obama,2013-2017,8.22,2.0
Florida,Real GDP,Obama 2,Barack Obama,2013-2017,15.3,3.63
Georgia,Real GDP,Obama 2,Barack Obama,2013-2017,16.73,3.94
Hawaii,Real GDP,Obama 2,Barack Obama,2013-2017,8.57,2.08
Idaho,Real GDP,Obama 2,Barack Obama,2013-2017,12.61,3.02
Illinois,Real GDP,Obama 2,Barack Obama,2013-2017,4.7,1.16
Indiana,Real GDP,Obama 2,Barack Obama,2013-2017,7.3,1.79
Iowa,Real GDP,Obama 2,Barack Obama,2013-2017,9.39,2.29
Kansas,Real GDP,Obama 2,Barack Obama,2013-2017,10.33,2.49
Kentucky,Real GDP,Obama 2,Barack Obama,2013-2017,3.49,0.86
Louisiana,Real GDP,Obama 2,Barack Obama,2013-2017,1.42,0.37
Maine,Real GDP,Obama 2,Barack Obama,2013-2017,6.76,1.65
Maryland,Real GDP,Obama 2,Barack Obama,2013-2017,9.62,2.33
Massachusetts,Real GDP,Obama 2,Barack Obama,2013-2017,8.86,2.15
Michigan,Real GDP,Obama 2,Barack Obama,2013-2017,6.84,1.67
Minnesota,Real GDP,Obama 2,Barack Obama,2013-2017,7.56,1.84
Mississippi,Real GDP,Obama 2,Barack Obama,2013-2017,1.15,0.29
Missouri,Real GDP,Obama 2,Barack Obama,2013-2017,3.06,0.76
Montana,Real GDP,Obama 2,Barack Obama,2013-2017,7.44,1.83
Nebraska,Real GDP,Obama 2,Barack Obama,2013-2017,10.63,2.56
Nevada,Real GDP,Obama 2,Barack Obama,2013-2017,12.9,3.09
New Hampshire,Real GDP,Obama 2,Barack Obama,2013-2017,7.52,1.83
New Jersey,Real GDP,Obama 2,Barack Obama,2013-2017,3.35,0.83
New Mexico,Real GDP,Obama 2,Barack Obama,2013-2017,3.45,0.86
New York,Real GDP,Obama 2,Barack Obama,2013-2017,8.19,1.99
North Carolina,Real GDP,Obama 2,Barack Obama,2013-2017,9.92,2.39
North Dakota,Real GDP,Obama 2,Barack Obama,2013-2017,3.36,1.03
Ohio,Real GDP,Obama 2,Barack Obama,2013-2017,8.15,1.98
Oklahoma,Real GDP,Obama 2,Barack Obama,2013-2017,9.34,2.3
Oregon,Real GDP,Obama 2,Barack Obama,2013-2017,18.95,4.44
Pennsylvania,Real GDP,Obama 2,Barack Obama,2013-2017,7.12,1.73
Rhode Island,Real GDP,Obama 2,Barack Obama,2013-2017,3.04,0.75
South Carolina,Real GDP,Obama 2,Barack Obama,2013-2017,12.39,2.96
South Dakota,Real GDP,Obama 2,Barack Obama,2013-2017,6.18,1.51
Tennessee,Real GDP,Obama 2,Barack Obama,2013-2017,11.64,2.79
Texas,Real GDP,Obama 2,Barack Obama,2013-2017,10.29,2.49
Utah,Real GDP,Obama 2,Barack Obama,2013-2017,18.65,4.37
Vermont,Real GDP,Obama 2,Barack Obama,2013-2017,3.48,0.86
Virginia,Real GDP,Obama 2,Barack Obama,2013-2017,5.41,1.33
Washington,Real GDP,Obama 2,Barack Obama,2013-2017,19.96,4.66
West Virginia,Real GDP,Obama 2,Barack Obama,2013-2017,1.65,0.42
Wisconsin,Real GDP,Obama 2,Barack Obama,2013-2017,6.74,1.65
Wyoming,Real GDP,Obama 2,Barack Obama,2013-2017,-2.05,-0.47
United States,Real Personal Income,Obama 2,Barack Obama,2013-2017,13.46,3.21
Alabama,Real Personal Income,Obama 2,Barack Obama,2013-2017,9.48,2.3
Alaska,Real Personal Income,Obama 2,Barack Obama,2013-2017,1.46,0.4
Arizona,Real Personal Income,Obama 2,Barack Obama,2013-2017,18.42,4.32
Arkansas,Real Personal Income,Obama 2,Barack Obama,2013-2017,11.79,2.83
California,Real Personal Income,Obama 2,Barack Obama,2013-2017,18.15,4.27
Colorado,Real Personal Income,Obama 2,Barack Obama,2013-2017,17.56,4.15
Connecticut,Real Personal Income,Obama 2,Barack Obama,2013-2017,7.38,1.8
Delaware,Real Personal Income,Obama 2,Barack Obama,2013-2017,13.36,3.21
District of Columbia,Real Personal Income,Obama 2,Barack Obama,2013-2017,23.99,5.54
Florida,Real Personal Income,Obama 2,Barack Obama,2013-2017,21.81,5.06
Georgia,Real Personal Income,Obama 2,Barack Obama,2013-2017,19.2,4.5
Hawaii,Real Personal Income,Obama 2,Barack Obama,2013-2017,15.83,3.75
Idaho,Real Personal Income,Obama 2,Barack Obama,2013-2017,17.5,4.12
Illinois,Real Personal Income,Obama 2,Barack Obama,2013-2017,8.49,2.08
Indiana,Real Personal Income,Obama 2,Barack Obama,2013-2017,12.56,3.01
Iowa,Real Personal Income,Obama 2,Barack Obama,2013-2017,8.29,2.03
Kansas,Real Personal Income,Obama 2,Barack Obama,2013-2017,3.44,0.85
Kentucky,Real Personal Income,Obama 2,Barack Obama,2013-2017,10.8,2.61
Louisiana,Real Personal Income,Obama 2,Barack Obama,2013-2017,3.37,0.85
Maine,Real Personal Income,Obama 2,Barack Obama,2013-2017,12.08,2.94
Maryland,Real Personal Income,Obama 2,Barack Obama,2013-2017,12.24,2.93
Massachusetts,Real Personal Income,Obama 2,Barack Obama,2013-2017,11.97,2.89
Michigan,Real Personal Income,Obama 2,Barack Obama,2013-2017,14.64,3.5
Minnesota,Real Personal Income,Obama 2,Barack Obama,2013-2017,13.19,3.16
Mississippi,Real Personal Income,Obama 2,Barack Obama,2013-2017,4.34,1.07
Missouri,Real Personal Income,Obama 2,Barack Obama,2013-2017,9.57,2.32
Montana,Real Personal Income,Obama 2,Barack Obama,2013-2017,11.22,2.7
Nebraska,Real Personal Income,Obama 2,Barack Obama,2013-2017,9.24,2.27
Nevada,Real Personal Income,Obama 2,Barack Obama,2013-2017,22.22,5.17
New Hampshire,Real Personal Income,Obama 2,Barack Obama,2013-2017,9.26,2.24
New Jersey,Real Personal Income,Obama 2,Barack Obama,2013-2017,10.87,2.62
New Mexico,Real Personal Income,Obama 2,Barack Obama,2013-2017,7.87,1.93
New York,Real Personal Income,Obama 2,Barack Obama,2013-2017,14.32,3.41
North Carolina,Real Personal Income,Obama 2,Barack Obama,2013-2017,16.36,3.87
North Dakota,Real Personal Income,Obama 2,Barack Obama,2013-2017,0.34,0.16
Ohio,Real Personal Income,Obama 2,Barack Obama,2013-2017,11.28,2.72
Oklahoma,Real Personal Income,Obama 2,Barack Obama,2013-2017,-1.12,-0.2
Oregon,Real Personal Income,Obama 2,Barack Obama,2013-2017,20.53,4.79
Pennsylvania,Real Personal Income,Obama 2,Barack Obama,2013-2017,7.82,1.91
Rhode Island,Real Personal Income,Obama 2,Barack Obama,2013-2017,7.86,1.91
South Carolina,Real Personal Income,Obama 2,Barack Obama,2013-2017,19.02,4.45
South Dakota,Real Personal Income,Obama 2,Barack Obama,2013-2017,12.66,3.04
Tennessee,Real Personal Income,Obama 2,Barack Obama,2013-2017,12.62,3.03
Texas,Real Personal Income,Obama 2,Barack Obama,2013-2017,12.51,3.03
Utah,Real Personal Income,Obama 2,Barack Obama,2013-2017,22.67,5.26
Vermont,Real Personal Income,Obama 2,Barack Obama,2013-2017,7.01,1.73
Virginia,Real Personal Income,Obama 2,Barack Obama,2013-2017,13.7,3.26
Washington,Real Personal Income,Obama 2,Barack Obama,2013-2017,16.85,3.97
West Virginia,Real Personal Income,Obama 2,Barack Obama,2013-2017,5.57,1.37
Wisconsin,Real Personal Income,Obama 2,Barack Obama,2013-2017,10.45,2.53
Wyoming,Real Personal Income,Obama 2,Barack Obama,2013-2017,1.66,0.51
United States,Real PCE,Obama 2,Barack Obama,2013-2017,11.78,2.82
Alabama,Real PCE,Obama 2,Barack Obama,2013-2017,9.01,2.18
Alaska,Real PCE,Obama 2,Barack Obama,2013-2017,2.81,0.7
Arizona,Real PCE,Obama 2,Barack Obama,2013-2017,15.06,3.57
Arkansas,Real PCE,Obama 2,Barack Obama,2013-2017,11.33,2.72
California,Real PCE,Obama 2,Barack Obama,2013-2017,14.09,3.35
Colorado,Real PCE,Obama 2,Barack Obama,2013-2017,19.57,4.57
Connecticut,Real PCE,Obama 2,Barack Obama,2013-2017,7.52,1.83
Delaware,Real PCE,Obama 2,Barack Obama,2013-2017,9.34,2.26
District of Columbia,Real PCE,Obama 2,Barack Obama,2013-2017,14.86,3.53
Florida,Real PCE,Obama 2,Barack Obama,2013-2017,16.23,3.83
Georgia,Real PCE,Obama 2,Barack Obama,2013-2017,14.3,3.4
Hawaii,Real PCE,Obama 2,Barack Obama,2013-2017,11.09,2.67
Idaho,Real PCE,Obama 2,Barack Obama,2013-2017,13.95,3.33
Illinois,Real PCE,Obama 2,Barack Obama,2013-2017,8.46,2.06
Indiana,Real PCE,Obama 2,Barack Obama,2013-2017,12.76,3.05
Iowa,Real PCE,Obama 2,Barack Obama,2013-2017,10.6,2.55
Kansas,Real PCE,Obama 2,Barack Obama,2013-2017,8.01,1.95
Kentucky,Real PCE,Obama 2,Barack Obama,2013-2017,10.83,2.61
Louisiana,Real PCE,Obama 2,Barack Obama,2013-2017,8.06,1.96
Maine,Real PCE,Obama 2,Barack Obama,2013-2017,11.27,2.74
Maryland,Real PCE,Obama 2,Barack Obama,2013-2017,8.76,2.12
Massachusetts,Real PCE,Obama 2,Barack Obama,2013-2017,7.79,1.91
Michigan,Real PCE,Obama 2,Barack Obama,2013-2017,14.21,3.38
Minnesota,Real PCE,Obama 2,Barack Obama,2013-2017,11.08,2.66
Mississippi,Real PCE,Obama 2,Barack Obama,2013-2017,6.94,1.7
Missouri,Real PCE,Obama 2,Barack Obama,2013-2017,8.84,2.15
Montana,Real PCE,Obama 2,Barack Obama,2013-2017,8.05,1.96
Nebraska,Real PCE,Obama 2,Barack Obama,2013-2017,11.95,2.86
Nevada,Real PCE,Obama 2,Barack Obama,2013-2017,16.34,3.86
New Hampshire,Real PCE,Obama 2,Barack Obama,2013-2017,6.97,1.7
New Jersey,Real PCE,Obama 2,Barack Obama,2013-2017,7.41,1.8
New Mexico,Real PCE,Obama 2,Barack Obama,2013-2017,6.51,1.6
New York,Real PCE,Obama 2,Barack Obama,2013-2017,11.25,2.71
North Carolina,Real PCE,Obama 2,Barack Obama,2013-2017,13.77,3.28
North Dakota,Real PCE,Obama 2,Barack Obama,2013-2017,8.18,2.02
Ohio,Real PCE,Obama 2,Barack Obama,2013-2017,10.38,2.5
Oklahoma,Real PCE,Obama 2,Barack Obama,2013-2017,6.72,1.64
Oregon,Real PCE,Obama 2,Barack Obama,2013-2017,16.45,3.88
Pennsylvania,Real PCE,Obama 2,Barack Obama,2013-2017,5.37,1.32
Rhode Island,Real PCE,Obama 2,Barack Obama,2013-2017,7.53,1.84
South Carolina,Real PCE,Obama 2,Barack Obama,2013-2017,13.48,3.21
South Dakota,Real PCE,Obama 2,Barack Obama,2013-2017,14.95,3.55
Tennessee,Real PCE,Obama 2,Barack Obama,2013-2017,12.11,2.9
Texas,Real PCE,Obama 2,Barack Obama,2013-2017,15.78,3.73
Utah,Real PCE,Obama 2,Barack Obama,2013-2017,20.31,4.74
Vermont,Real PCE,Obama 2,Barack Obama,2013-2017,4.83,1.21
Virginia,Real PCE,Obama 2,Barack Obama,2013-2017,9.04,2.19
Washington,Real PCE,Obama 2,Barack Obama,2013-2017,11.59,2.78
West Virginia,Real PCE,Obama 2,Barack Obama,2013-2017,6.55,1.6
Wisconsin,Real PCE,Obama 2,Barack Obama,2013-2017,9.63,2.32
Wyoming,Real PCE,Obama 2,Barack Obama,2013-2017,4.63,1.15
United States,Real Per Capita Personal Income,Obama 2,Barack Obama,2013-2017,10.02,2.42
Alabama,Real Per Capita Personal Income,Obama 2,Barack Obama,2013-2017,7.53,1.85
Alaska,Real Per Capita Personal Income,Obama 2,Barack Obama,2013-2017,0.92,0.27
Arizona,Real Per Capita Personal Income,Obama 2,Barack Obama,2013-2017,12.97,3.1
Arkansas,Real Per Capita Personal Income,Obama 2,Barack Obama,2013-2017,10.44,2.52
California,Real Per Capita Personal Income,Obama 2,Barack Obama,2013-2017,14.76,3.51
Colorado,Real Per Capita Personal Income,Obama 2,Barack Obama,2013-2017,10.49,2.55
Connecticut,Real Per Capita Personal Income,Obama 2,Barack Obama,2013-2017,7.46,1.82
Delaware,Real Per Capita Personal Income,Obama 2,Barack Obama,2013-2017,9.12,2.23
District of Columbia,Real Per Capita Personal Income,Obama 2,Barack Obama,2013-2017,17.4,4.1
Florida,Real Per Capita Personal Income,Obama 2,Barack Obama,2013-2017,13.85,3.31
Georgia,Real Per Capita Personal Income,Obama 2,Barack Obama,2013-2017,14.08,3.36
Hawaii,Real Per Capita Personal Income,Obama 2,Barack Obama,2013-2017,13.04,3.12
Idaho,Real Per Capita Personal Income,Obama 2,Barack Obama,2013-2017,9.64,2.33
Illinois,Real Per Capita Personal Income,Obama 2,Barack Obama,2013-2017,8.8,2.15
Indiana,Real Per Capita Personal Income,Obama 2,Barack Obama,2013-2017,10.8,2.6
Iowa,Real Per Capita Personal Income,Obama 2,Barack Obama,2013-2017,6.22,1.54
Kansas,Real Per Capita Personal Income,Obama 2,Barack Obama,2013-2017,2.53,0.63
Kentucky,Real Per Capita Personal Income,Obama 2,Barack Obama,2013-2017,9.32,2.26
Louisiana,Real Per Capita Personal Income,Obama 2,Barack Obama,2013-2017,2.25,0.58
Maine,Real Per Capita Personal Income,Obama 2,Barack Obama,2013-2017,11.06,2.7
Maryland,Real Per Capita Personal Income,Obama 2,Barack Obama,2013-2017,9.47,2.29
Massachusetts,Real Per Capita Personal Income,Obama 2,Barack Obama,2013-2017,8.72,2.14
Michigan,Real Per Capita Personal Income,Obama 2,Barack Obama,2013-2017,13.47,3.23
Minnesota,Real Per Capita Personal Income,Obama 2,Barack Obama,2013-2017,9.66,2.34
Mississippi,Real Per Capita Personal Income,Obama 2,Barack Obama,2013-2017,4.45,1.1
Missouri,Real Per Capita Personal Income,Obama 2,Barack Obama,2013-2017,8.32,2.03
Montana,Real Per Capita Personal Income,Obama 2,Barack Obama,2013-2017,6.8,1.66
Nebraska,Real Per Capita Personal Income,Obama 2,Barack Obama,2013-2017,5.79,1.45
Nevada,Real Per Capita Personal Income,Obama 2,Barack Obama,2013-2017,14.55,3.48
New Hampshire,Real Per Capita Personal Income,Obama 2,Barack Obama,2013-2017,7.02,1.71
New Jersey,Real Per Capita Personal Income,Obama 2,Barack Obama,2013-2017,8.57,2.08
New Mexico,Real Per Capita Personal Income,Obama 2,Barack Obama,2013-2017,7.64,1.88
New York,Real Per Capita Personal Income,Obama 2,Barack Obama,2013-2017,12.63,3.02
North Carolina,Real Per Capita Personal Income,Obama 2,Barack Obama,2013-2017,12.11,2.91
North Dakota,Real Per Capita Personal Income,Obama 2,Barack Obama,2013-2017,-4.8,-1.15
Ohio,Real Per Capita Personal Income,Obama 2,Barack Obama,2013-2017,10.09,2.44
Oklahoma,Real Per Capita Personal Income,Obama 2,Barack Obama,2013-2017,-2.95,-0.66
Oregon,Real Per Capita Personal Income,Obama 2,Barack Obama,2013-2017,14.05,3.35
Pennsylvania,Real Per Capita Personal Income,Obama 2,Barack Obama,2013-2017,7.0,1.71
Rhode Island,Real Per Capita Personal Income,Obama 2,Barack Obama,2013-2017,6.19,1.52
South Carolina,Real Per Capita Personal Income,Obama 2,Barack Obama,2013-2017,13.61,3.25
South Dakota,Real Per Capita Personal Income,Obama 2,Barack Obama,2013-2017,8.91,2.18
Tennessee,Real Per Capita Personal Income,Obama 2,Barack Obama,2013-2017,8.75,2.13
Texas,Real Per Capita Personal Income,Obama 2,Barack Obama,2013-2017,5.51,1.39
Utah,Real Per Capita Personal Income,Obama 2,Barack Obama,2013-2017,14.12,3.38
Vermont,Real Per Capita Personal Income,Obama 2,Barack Obama,2013-2017,5.96,1.48
Virginia,Real Per Capita Personal Income,Obama 2,Barack Obama,2013-2017,10.58,2.55
Washington,Real Per Capita Personal Income,Obama 2,Barack Obama,2013-2017,9.44,2.29
West Virginia,Real Per Capita Personal Income,Obama 2,Barack Obama,2013-2017,7.53,1.84
Wisconsin,Real Per Capita Personal Income,Obama 2,Barack Obama,2013-2017,8.95,2.18
Wyoming,Real Per Capita Personal Income,Obama 2,Barack Obama,2013-2017,2.48,0.72
United States,Real Per Capita PCE,Obama 2,Barack Obama,2013-2017,8.4,2.04
Alabama,Real Per Capita PCE,Obama 2,Barack Obama,2013-2017,7.08,1.73
Alaska,Real Per Capita PCE,Obama 2,Barack Obama,2013-2017,2.28,0.57
Arizona,Real Per Capita PCE,Obama 2,Barack Obama,2013-2017,9.76,2.36
Arkansas,Real Per Capita PCE,Obama 2,Barack Obama,2013-2017,9.98,2.41
California,Real Per Capita PCE,Obama 2,Barack Obama,2013-2017,10.81,2.6
Colorado,Real Per Capita PCE,Obama 2,Barack Obama,2013-2017,12.39,2.96
Connecticut,Real Per Capita PCE,Obama 2,Barack Obama,2013-2017,7.6,1.85
Delaware,Real Per Capita PCE,Obama 2,Barack Obama,2013-2017,5.26,1.3
District of Columbia,Real Per Capita PCE,Obama 2,Barack Obama,2013-2017,8.76,2.13
Florida,Real Per Capita PCE,Obama 2,Barack Obama,2013-2017,8.64,2.09
Georgia,Real Per Capita PCE,Obama 2,Barack Obama,2013-2017,9.39,2.27
Hawaii,Real Per Capita PCE,Obama 2,Barack Obama,2013-2017,8.41,2.04
Idaho,Real Per Capita PCE,Obama 2,Barack Obama,2013-2017,6.33,1.56
Illinois,Real Per Capita PCE,Obama 2,Barack Obama,2013-2017,8.77,2.13
Indiana,Real Per Capita PCE,Obama 2,Barack Obama,2013-2017,11.0,2.64
Iowa,Real Per Capita PCE,Obama 2,Barack Obama,2013-2017,8.49,2.06
Kansas,Real Per Capita PCE,Obama 2,Barack Obama,2013-2017,7.06,1.72
Kentucky,Real Per Capita PCE,Obama 2,Barack Obama,2013-2017,9.35,2.26
Louisiana,Real Per Capita PCE,Obama 2,Barack Obama,2013-2017,6.9,1.69
Maine,Real Per Capita PCE,Obama 2,Barack Obama,2013-2017,10.26,2.5
Maryland,Real Per Capita PCE,Obama 2,Barack Obama,2013-2017,6.08,1.49
Massachusetts,Real Per Capita PCE,Obama 2,Barack Obama,2013-2017,4.66,1.16
Michigan,Real Per Capita PCE,Obama 2,Barack Obama,2013-2017,13.04,3.12
Minnesota,Real Per Capita PCE,Obama 2,Barack Obama,2013-2017,7.61,1.85
Mississippi,Real Per Capita PCE,Obama 2,Barack Obama,2013-2017,7.06,1.72
Missouri,Real Per Capita PCE,Obama 2,Barack Obama,2013-2017,7.6,1.85
Montana,Real Per Capita PCE,Obama 2,Barack Obama,2013-2017,3.76,0.93
Nebraska,Real Per Capita PCE,Obama 2,Barack Obama,2013-2017,8.42,2.04
Nevada,Real Per Capita PCE,Obama 2,Barack Obama,2013-2017,9.03,2.19
New Hampshire,Real Per Capita PCE,Obama 2,Barack Obama,2013-2017,4.77,1.18
New Jersey,Real Per Capita PCE,Obama 2,Barack Obama,2013-2017,5.18,1.27
New Mexico,Real Per Capita PCE,Obama 2,Barack Obama,2013-2017,6.28,1.54
New York,Real Per Capita PCE,Obama 2,Barack Obama,2013-2017,9.6,2.32
North Carolina,Real Per Capita PCE,Obama 2,Barack Obama,2013-2017,9.61,2.32
North Dakota,Real Per Capita PCE,Obama 2,Barack Obama,2013-2017,2.64,0.67
Ohio,Real Per Capita PCE,Obama 2,Barack Obama,2013-2017,9.19,2.23
Oklahoma,Real Per Capita PCE,Obama 2,Barack Obama,2013-2017,4.76,1.17
Oregon,Real Per Capita PCE,Obama 2,Barack Obama,2013-2017,10.18,2.46
Pennsylvania,Real Per Capita PCE,Obama 2,Barack Obama,2013-2017,4.57,1.12
Rhode Island,Real Per Capita PCE,Obama 2,Barack Obama,2013-2017,5.87,1.44
South Carolina,Real Per Capita PCE,Obama 2,Barack Obama,2013-2017,8.33,2.02
South Dakota,Real Per Capita PCE,Obama 2,Barack Obama,2013-2017,11.13,2.68
Tennessee,Real Per Capita PCE,Obama 2,Barack Obama,2013-2017,8.26,2.0
Texas,Real Per Capita PCE,Obama 2,Barack Obama,2013-2017,8.57,2.08
Utah,Real Per Capita PCE,Obama 2,Barack Obama,2013-2017,11.93,2.86
Vermont,Real Per Capita PCE,Obama 2,Barack Obama,2013-2017,3.8,0.96
Virginia,Real Per Capita PCE,Obama 2,Barack Obama,2013-2017,6.06,1.48
Washington,Real Per Capita PCE,Obama 2,Barack Obama,2013-2017,4.51,1.11
West Virginia,Real Per Capita PCE,Obama 2,Barack Obama,2013-2017,8.53,2.07
Wisconsin,Real Per Capita PCE,Obama 2,Barack Obama,2013-2017,8.14,1.98
Wyoming,Real Per Capita PCE,Obama 2,Barack Obama,2013-2017,5.47,1.35
United States,Total Employment,Obama 2,Barack Obama,2013-2017,7.71,1.88
Alabama,Total Employment,Obama 2,Barack Obama,2013-2017,5.0,1.23
Alaska,Total Employment,Obama 2,Barack Obama,2013-2017,-1.23,-0.31
Arizona,Total Employment,Obama 2,Barack Obama,2013-2017,10.97,2.64
Arkansas,Total Employment,Obama 2,Barack Obama,2013-2017,4.5,1.11
California,Total Employment,Obama 2,Barack Obama,2013-2017,10.46,2.52
Colorado,Total Employment,Obama 2,Barack Obama,2013-2017,12.02,2.88
Connecticut,Total Employment,Obama 2,Barack Obama,2013-2017,2.39,0.59
Delaware,Total Employment,Obama 2,Barack Obama,2013-2017,7.34,1.79
District of Columbia,Total Employment,Obama 2,Barack Obama,2013-2017,6.44,1.57
Florida,Total Employment,Obama 2,Barack Obama,2013-2017,14.79,3.51
Georgia,Total Employment,Obama 2,Barack Obama,2013-2017,11.48,2.75
Hawaii,Total Employment,Obama 2,Barack Obama,2013-2017,6.1,1.49
Idaho,Total Employment,Obama 2,Barack Obama,2013-2017,11.61,2.78
Illinois,Total Employment,Obama 2,Barack Obama,2013-2017,4.26,1.05
Indiana,Total Employment,Obama 2,Barack Obama,2013-2017,5.95,1.46
Iowa,Total Employment,Obama 2,Barack Obama,2013-2017,2.1,0.52
Kansas,Total Employment,Obama 2,Barack Obama,2013-2017,2.38,0.59
Kentucky,Total Employment,Obama 2,Barack Obama,2013-2017,4.67,1.15
Louisiana,Total Employment,Obama 2,Barack Obama,2013-2017,1.91,0.48
Maine,Total Employment,Obama 2,Barack Obama,2013-2017,3.82,0.94
Maryland,Total Employment,Obama 2,Barack Obama,2013-2017,5.81,1.42
Massachusetts,Total Employment,Obama 2,Barack Obama,2013-2017,9.76,2.36
Michigan,Total Employment,Obama 2,Barack Obama,2013-2017,5.79,1.42
Minnesota,Total Employment,Obama 2,Barack Obama,2013-2017,5.07,1.24
Mississippi,Total Employment,Obama 2,Barack Obama,2013-2017,3.89,0.96
Missouri,Total Employment,Obama 2,Barack Obama,2013-2017,4.77,1.17
Montana,Total Employment,Obama 2,Barack Obama,2013-2017,5.04,1.24
Nebraska,Total Employment,Obama 2,Barack Obama,2013-2017,4.06,1.0
Nevada,Total Employment,Obama 2,Barack Obama,2013-2017,14.05,3.34
New Hampshire,Total Employment,Obama 2,Barack Obama,2013-2017,5.68,1.39
New Jersey,Total Employment,Obama 2,Barack Obama,2013-2017,6.15,1.5
New Mexico,Total Employment,Obama 2,Barack Obama,2013-2017,1.85,0.46
New York,Total Employment,Obama 2,Barack Obama,2013-2017,6.65,1.62
North Carolina,Total Employment,Obama 2,Barack Obama,2013-2017,8.87,2.15
North Dakota,Total Employment,Obama 2,Barack Obama,2013-2017,-2.33,-0.56
Ohio,Total Employment,Obama 2,Barack Obama,2013-2017,4.58,1.13
Oklahoma,Total Employment,Obama 2,Barack Obama,2013-2017,1.91,0.47
Oregon,Total Employment,Obama 2,Barack Obama,2013-2017,11.31,2.72
Pennsylvania,Total Employment,Obama 2,Barack Obama,2013-2017,4.25,1.05
Rhode Island,Total Employment,Obama 2,Barack Obama,2013-2017,6.06,1.48
South Carolina,Total Employment,Obama 2,Barack Obama,2013-2017,10.32,2.49
South Dakota,Total Employment,Obama 2,Barack Obama,2013-2017,3.44,0.85
Tennessee,Total Employment,Obama 2,Barack Obama,2013-2017,9.31,2.25
Texas,Total Employment,Obama 2,Barack Obama,2013-2017,10.12,2.44
Utah,Total Employment,Obama 2,Barack Obama,2013-2017,13.8,3.28
Vermont,Total Employment,Obama 2,Barack Obama,2013-2017,2.56,0.63
Virginia,Total Employment,Obama 2,Barack Obama,2013-2017,6.75,1.65
Washington,Total Employment,Obama 2,Barack Obama,2013-2017,11.04,2.65
West Virginia,Total Employment,Obama 2,Barack Obama,2013-2017,-2.78,-0.7
Wisconsin,Total Employment,Obama 2,Barack Obama,2013-2017,3.95,0.97
Wyoming,Total Employment,Obama 2,Barack Obama,2013-2017,-0.39,-0.09
United States,Real GDP,Trump,Donald Trump,2017-2021,9.6,2.36
Alabama,Real GDP,Trump,Donald Trump,2017-2021,7.9,1.94
Alaska,Real GDP,Trump,Donald Trump,2017-2021,-3.92,-0.97
Arizona,Real GDP,Trump,Donald Trump,2017-2021,18.59,4.38
Arkansas,Real GDP,Trump,Donald Trump,2017-2021,10.96,2.67
California,Real GDP,Trump,Donald Trump,2017-2021,15.09,3.62
Colorado,Real GDP,Trump,Donald Trump,2017-2021,16.06,3.83
Connecticut,Real GDP,Trump,Donald Trump,2017-2021,-1.47,-0.32
Delaware,Real GDP,Trump,Donald Trump,2017-2021,7.33,1.83
District of Columbia,Real GDP,Trump,Donald Trump,2017-2021,6.58,1.62
Florida,Real GDP,Trump,Donald Trump,2017-2021,15.34,3.7
Georgia,Real GDP,Trump,Donald Trump,2017-2021,10.19,2.51
Hawaii,Real GDP,Trump,Donald Trump,2017-2021,-3.46,-0.7
Idaho,Real GDP,Trump,Donald Trump,2017-2021,21.98,5.12
Illinois,Real GDP,Trump,Donald Trump,2017-2021,2.77,0.77
Indiana,Real GDP,Trump,Donald Trump,2017-2021,8.28,2.08
Iowa,Real GDP,Trump,Donald Trump,2017-2021,7.49,1.89
Kansas,Real GDP,Trump,Donald Trump,2017-2021,3.91,0.98
Kentucky,Real GDP,Trump,Donald Trump,2017-2021,5.68,1.43
Louisiana,Real GDP,Trump,Donald Trump,2017-2021,-0.83,-0.12
Maine,Real GDP,Trump,Donald Trump,2017-2021,12.92,3.1
Maryland,Real GDP,Trump,Donald Trump,2017-2021,1.81,0.49
Massachusetts,Real GDP,Trump,Donald Trump,2017-2021,12.41,3.0
Michigan,Real GDP,Trump,Donald Trump,2017-2021,5.0,1.28
Minnesota,Real GDP,Trump,Donald Trump,2017-2021,6.55,1.65
Mississippi,Real GDP,Trump,Donald Trump,2017-2021,4.89,1.22
Missouri,Real GDP,Trump,Donald Trump,2017-2021,6.52,1.62
Montana,Real GDP,Trump,Donald Trump,2017-2021,9.97,2.44
Nebraska,Real GDP,Trump,Donald Trump,2017-2021,9.51,2.33
Nevada,Real GDP,Trump,Donald Trump,2017-2021,11.81,2.98
New Hampshire,Real GDP,Trump,Donald Trump,2017-2021,10.8,2.66
New Jersey,Real GDP,Trump,Donald Trump,2017-2021,7.18,1.81
New Mexico,Real GDP,Trump,Donald Trump,2017-2021,8.27,2.05
New York,Real GDP,Trump,Donald Trump,2017-2021,6.86,1.71
North Carolina,Real GDP,Trump,Donald Trump,2017-2021,9.77,2.39
North Dakota,Real GDP,Trump,Donald Trump,2017-2021,-0.2,0.02
Ohio,Real GDP,Trump,Donald Trump,2017-2021,5.87,1.48
Oklahoma,Real GDP,Trump,Donald Trump,2017-2021,0.83,0.24
Oregon,Real GDP,Trump,Donald Trump,2017-2021,10.99,2.67
Pennsylvania,Real GDP,Trump,Donald Trump,2017-2021,1.48,0.42
Rhode Island,Real GDP,Trump,Donald Trump,2017-2021,3.46,0.89
South Carolina,Real GDP,Trump,Donald Trump,2017-2021,9.25,2.27
South Dakota,Real GDP,Trump,Donald Trump,2017-2021,7.56,1.86
Tennessee,Real GDP,Trump,Donald Trump,2017-2021,12.61,3.07
Texas,Real GDP,Trump,Donald Trump,2017-2021,12.7,3.08
Utah,Real GDP,Trump,Donald Trump,2017-2021,22.3,5.19
Vermont,Real GDP,Trump,Donald Trump,2017-2021,3.48,0.9
Virginia,Real GDP,Trump,Donald Trump,2017-2021,9.76,2.39
Washington,Real GDP,Trump,Donald Trump,2017-2021,19.52,4.59
West Virginia,Real GDP,Trump,Donald Trump,2017-2021,0.79,0.23
Wisconsin,Real GDP,Trump,Donald Trump,2017-2021,3.92,1.0
Wyoming,Real GDP,Trump,Donald Trump,2017-2021,-1.3,-0.26
United States,Real Personal Income,Trump,Donald Trump,2017-2021,17.9,4.21
Alabama,Real Personal Income,Trump,Donald Trump,2017-2021,20.87,4.87
Alaska,Real Personal Income,Trump,Donald Trump,2017-2021,5.5,1.36
Arizona,Real Personal Income,Trump,Donald Trump,2017-2021,29.55,6.71
Arkansas,Real Personal Income,Trump,Donald Trump,2017-2021,18.16,4.3
California,Real Personal Income,Trump,Donald Trump,2017-2021,19.28,4.52
Colorado,Real Personal Income,Trump,Donald Trump,2017-2021,26.19,6.01
Connecticut,Real Personal Income,Trump,Donald Trump,2017-2021,12.94,3.11
Delaware,Real Personal Income,Trump,Donald Trump,2017-2021,15.66,3.71
District of Columbia,Real Personal Income,Trump,Donald Trump,2017-2021,9.34,2.26
Florida,Real Personal Income,Trump,Donald Trump,2017-2021,22.65,5.24
Georgia,Real Personal Income,Trump,Donald Trump,2017-2021,18.15,4.26
Hawaii,Real Personal Income,Trump,Donald Trump,2017-2021,8.02,1.96
Idaho,Real Personal Income,Trump,Donald Trump,2017-2021,39.78,8.75
Illinois,Real Personal Income,Trump,Donald Trump,2017-2021,12.02,2.88
Indiana,Real Personal Income,Trump,Donald Trump,2017-2021,17.95,4.25
Iowa,Real Personal Income,Trump,Donald Trump,2017-2021,14.8,3.57
Kansas,Real Personal Income,Trump,Donald Trump,2017-2021,12.96,3.11
Kentucky,Real Personal Income,Trump,Donald Trump,2017-2021,19.41,4.56
Louisiana,Real Personal Income,Trump,Donald Trump,2017-2021,15.92,3.77
Maine,Real Personal Income,Trump,Donald Trump,2017-2021,21.59,5.02
Maryland,Real Personal Income,Trump,Donald Trump,2017-2021,10.54,2.54
Massachusetts,Real Personal Income,Trump,Donald Trump,2017-2021,17.49,4.12
Michigan,Real Personal Income,Trump,Donald Trump,2017-2021,13.32,3.23
Minnesota,Real Personal Income,Trump,Donald Trump,2017-2021,15.41,3.67
Mississippi,Real Personal Income,Trump,Donald Trump,2017-2021,18.34,4.33
Missouri,Real Personal Income,Trump,Donald Trump,2017-2021,16.74,3.97
Montana,Real Personal Income,Trump,Donald Trump,2017-2021,28.58,6.53
Nebraska,Real Personal Income,Trump,Donald Trump,2017-2021,16.72,3.99
Nevada,Real Personal Income,Trump,Donald Trump,2017-2021,32.26,7.27
New Hampshire,Real Personal Income,Trump,Donald Trump,2017-2021,22.95,5.31
New Jersey,Real Personal Income,Trump,Donald Trump,2017-2021,14.35,3.42
New Mexico,Real Personal Income,Trump,Donald Trump,2017-2021,27.37,6.25
New York,Real Personal Income,Trump,Donald Trump,2017-2021,10.61,2.56
North Carolina,Real Personal Income,Trump,Donald Trump,2017-2021,21.93,5.1
North Dakota,Real Personal Income,Trump,Donald Trump,2017-2021,15.56,3.73
Ohio,Real Personal Income,Trump,Donald Trump,2017-2021,14.0,3.36
Oklahoma,Real Personal Income,Trump,Donald Trump,2017-2021,17.34,4.08
Oregon,Real Personal Income,Trump,Donald Trump,2017-2021,21.44,5.01
Pennsylvania,Real Personal Income,Trump,Donald Trump,2017-2021,16.93,4.0
Rhode Island,Real Personal Income,Trump,Donald Trump,2017-2021,16.11,3.83
South Carolina,Real Personal Income,Trump,Donald Trump,2017-2021,19.55,4.58
South Dakota,Real Personal Income,Trump,Donald Trump,2017-2021,24.2,5.68
Tennessee,Real Personal Income,Trump,Donald Trump,2017-2021,26.1,5.99
Texas,Real Personal Income,Trump,Donald Trump,2017-2021,18.12,4.27
Utah,Real Personal Income,Trump,Donald Trump,2017-2021,38.28,8.47
Vermont,Real Personal Income,Trump,Donald Trump,2017-2021,14.95,3.55
Virginia,Real Personal Income,Trump,Donald Trump,2017-2021,13.86,3.31
Washington,Real Personal Income,Trump,Donald Trump,2017-2021,22.16,5.14
West Virginia,Real Personal Income,Trump,Donald Trump,2017-2021,10.44,2.53
Wisconsin,Real Personal Income,Trump,Donald Trump,2017-2021,15.97,3.79
Wyoming,Real Personal Income,Trump,Donald Trump,2017-2021,23.32,5.41
United States,Real PCE,Trump,Donald Trump,2017-2021,11.26,2.78
Alabama,Real PCE,Trump,Donald Trump,2017-2021,14.18,3.42
Alaska,Real PCE,Trump,Donald Trump,2017-2021,4.57,1.19
Arizona,Real PCE,Trump,Donald Trump,2017-2021,20.52,4.9
Arkansas,Real PCE,Trump,Donald Trump,2017-2021,11.25,2.75
California,Real PCE,Trump,Donald Trump,2017-2021,11.99,3.0
Colorado,Real PCE,Trump,Donald Trump,2017-2021,17.03,4.15
Connecticut,Real PCE,Trump,Donald Trump,2017-2021,11.02,2.76
Delaware,Real PCE,Trump,Donald Trump,2017-2021,12.47,3.05
District of Columbia,Real PCE,Trump,Donald Trump,2017-2021,6.16,1.68
Florida,Real PCE,Trump,Donald Trump,2017-2021,16.31,3.95
Georgia,Real PCE,Trump,Donald Trump,2017-2021,13.57,3.3
Hawaii,Real PCE,Trump,Donald Trump,2017-2021,5.7,1.54
Idaho,Real PCE,Trump,Donald Trump,2017-2021,26.68,6.17
Illinois,Real PCE,Trump,Donald Trump,2017-2021,5.98,1.53
Indiana,Real PCE,Trump,Donald Trump,2017-2021,8.69,2.14
Iowa,Real PCE,Trump,Donald Trump,2017-2021,6.3,1.62
Kansas,Real PCE,Trump,Donald Trump,2017-2021,7.25,1.82
Kentucky,Real PCE,Trump,Donald Trump,2017-2021,11.47,2.81
Louisiana,Real PCE,Trump,Donald Trump,2017-2021,9.22,2.29
Maine,Real PCE,Trump,Donald Trump,2017-2021,13.15,3.24
Maryland,Real PCE,Trump,Donald Trump,2017-2021,5.38,1.42
Massachusetts,Real PCE,Trump,Donald Trump,2017-2021,8.26,2.18
Michigan,Real PCE,Trump,Donald Trump,2017-2021,5.66,1.45
Minnesota,Real PCE,Trump,Donald Trump,2017-2021,3.62,0.98
Mississippi,Real PCE,Trump,Donald Trump,2017-2021,9.91,2.42
Missouri,Real PCE,Trump,Donald Trump,2017-2021,8.0,2.0
Montana,Real PCE,Trump,Donald Trump,2017-2021,20.34,4.85
Nebraska,Real PCE,Trump,Donald Trump,2017-2021,7.09,1.83
Nevada,Real PCE,Trump,Donald Trump,2017-2021,21.75,5.18
New Hampshire,Real PCE,Trump,Donald Trump,2017-2021,11.64,2.89
New Jersey,Real PCE,Trump,Donald Trump,2017-2021,10.74,2.71
New Mexico,Real PCE,Trump,Donald Trump,2017-2021,16.78,4.11
New York,Real PCE,Trump,Donald Trump,2017-2021,6.1,1.6
North Carolina,Real PCE,Trump,Donald Trump,2017-2021,15.45,3.69
North Dakota,Real PCE,Trump,Donald Trump,2017-2021,4.08,1.05
Ohio,Real PCE,Trump,Donald Trump,2017-2021,6.7,1.68
Oklahoma,Real PCE,Trump,Donald Trump,2017-2021,11.02,2.71
Oregon,Real PCE,Trump,Donald Trump,2017-2021,11.38,2.8
Pennsylvania,Real PCE,Trump,Donald Trump,2017-2021,10.21,2.55
Rhode Island,Real PCE,Trump,Donald Trump,2017-2021,10.96,2.69
South Carolina,Real PCE,Trump,Donald Trump,2017-2021,13.95,3.34
South Dakota,Real PCE,Trump,Donald Trump,2017-2021,8.99,2.27
Tennessee,Real PCE,Trump,Donald Trump,2017-2021,17.34,4.15
Texas,Real PCE,Trump,Donald Trump,2017-2021,14.11,3.44
Utah,Real PCE,Trump,Donald Trump,2017-2021,30.47,6.95
Vermont,Real PCE,Trump,Donald Trump,2017-2021,8.33,2.15
Virginia,Real PCE,Trump,Donald Trump,2017-2021,8.57,2.14
Washington,Real PCE,Trump,Donald Trump,2017-2021,12.85,3.14
West Virginia,Real PCE,Trump,Donald Trump,2017-2021,3.71,0.92
Wisconsin,Real PCE,Trump,Donald Trump,2017-2021,8.45,2.1
Wyoming,Real PCE,Trump,Donald Trump,2017-2021,16.49,3.94
United States,Real Per Capita Personal Income,Trump,Donald Trump,2017-2021,15.98,3.78
Alabama,Real Per Capita Personal Income,Trump,Donald Trump,2017-2021,18.52,4.35
Alaska,Real Per Capita Personal Income,Trump,Donald Trump,2017-2021,6.51,1.61
Arizona,Real Per Capita Personal Income,Trump,Donald Trump,2017-2021,22.56,5.24
Arkansas,Real Per Capita Personal Income,Trump,Donald Trump,2017-2021,16.69,3.97
California,Real Per Capita Personal Income,Trump,Donald Trump,2017-2021,20.13,4.71
Colorado,Real Per Capita Personal Income,Trump,Donald Trump,2017-2021,21.6,5.04
Connecticut,Real Per Capita Personal Income,Trump,Donald Trump,2017-2021,13.06,3.13
Delaware,Real Per Capita Personal Income,Trump,Donald Trump,2017-2021,10.66,2.57
District of Columbia,Real Per Capita Personal Income,Trump,Donald Trump,2017-2021,11.28,2.73
Florida,Real Per Capita Personal Income,Trump,Donald Trump,2017-2021,17.26,4.06
Georgia,Real Per Capita Personal Income,Trump,Donald Trump,2017-2021,14.19,3.38
Hawaii,Real Per Capita Personal Income,Trump,Donald Trump,2017-2021,8.89,2.16
Idaho,Real Per Capita Personal Income,Trump,Donald Trump,2017-2021,27.27,6.23
Illinois,Real Per Capita Personal Income,Trump,Donald Trump,2017-2021,14.09,3.35
Indiana,Real Per Capita Personal Income,Trump,Donald Trump,2017-2021,15.74,3.76
Iowa,Real Per Capita Personal Income,Trump,Donald Trump,2017-2021,13.53,3.28
Kansas,Real Per Capita Personal Income,Trump,Donald Trump,2017-2021,12.55,3.01
Kentucky,Real Per Capita Personal Income,Trump,Donald Trump,2017-2021,18.56,4.37
Louisiana,Real Per Capita Personal Income,Trump,Donald Trump,2017-2021,17.21,4.06
Maine,Real Per Capita Personal Income,Trump,Donald Trump,2017-2021,18.6,4.37
Maryland,Real Per Capita Personal Income,Trump,Donald Trump,2017-2021,9.43,2.28
Massachusetts,Real Per Capita Personal Income,Trump,Donald Trump,2017-2021,16.92,4.0
Michigan,Real Per Capita Personal Income,Trump,Donald Trump,2017-2021,13.46,3.26
Minnesota,Real Per Capita Personal Income,Trump,Donald Trump,2017-2021,13.13,3.16
Mississippi,Real Per Capita Personal Income,Trump,Donald Trump,2017-2021,19.69,4.63
Missouri,Real Per Capita Personal Income,Trump,Donald Trump,2017-2021,15.67,3.73
Montana,Real Per Capita Personal Income,Trump,Donald Trump,2017-2021,22.96,5.34
Nebraska,Real Per Capita Personal Income,Trump,Donald Trump,2017-2021,14.94,3.6
Nevada,Real Per Capita Personal Income,Trump,Donald Trump,2017-2021,24.23,5.61
New Hampshire,Real Per Capita Personal Income,Trump,Donald Trump,2017-2021,20.42,4.77
New Jersey,Real Per Capita Personal Income,Trump,Donald Trump,2017-2021,13.18,3.16
New Mexico,Real Per Capita Personal Income,Trump,Donald Trump,2017-2021,26.41,6.06
New York,Real Per Capita Personal Income,Trump,Donald Trump,2017-2021,12.49,2.99
North Carolina,Real Per Capita Personal Income,Trump,Donald Trump,2017-2021,17.41,4.11
North Dakota,Real Per Capita Personal Income,Trump,Donald Trump,2017-2021,13.88,3.36
Ohio,Real Per Capita Personal Income,Trump,Donald Trump,2017-2021,13.73,3.3
Oklahoma,Real Per Capita Personal Income,Trump,Donald Trump,2017-2021,15.25,3.62
Oregon,Real Per Capita Personal Income,Trump,Donald Trump,2017-2021,18.32,4.33
Pennsylvania,Real Per Capita Personal Income,Trump,Donald Trump,2017-2021,16.31,3.86
Rhode Island,Real Per Capita Personal Income,Trump,Donald Trump,2017-2021,14.82,3.54
South Carolina,Real Per Capita Personal Income,Trump,Donald Trump,2017-2021,14.3,3.41
South Dakota,Real Per Capita Personal Income,Trump,Donald Trump,2017-2021,20.57,4.9
Tennessee,Real Per Capita Personal Income,Trump,Donald Trump,2017-2021,22.04,5.12
Texas,Real Per Capita Personal Income,Trump,Donald Trump,2017-2021,12.65,3.04
Utah,Real Per Capita Personal Income,Trump,Donald Trump,2017-2021,29.44,6.69
Vermont,Real Per Capita Personal Income,Trump,Donald Trump,2017-2021,13.52,3.23
Virginia,Real Per Capita Personal Income,Trump,Donald Trump,2017-2021,11.82,2.84
Washington,Real Per Capita Personal Income,Trump,Donald Trump,2017-2021,17.52,4.12
West Virginia,Real Per Capita Personal Income,Trump,Donald Trump,2017-2021,12.76,3.07
Wisconsin,Real Per Capita Personal Income,Trump,Donald Trump,2017-2021,15.11,3.6
Wyoming,Real Per Capita Personal Income,Trump,Donald Trump,2017-2021,22.62,5.26
United States,Real Per Capita PCE,Trump,Donald Trump,2017-2021,9.44,2.36
Alabama,Real Per Capita PCE,Trump,Donald Trump,2017-2021,11.97,2.92
Alaska,Real Per Capita PCE,Trump,Donald Trump,2017-2021,5.57,1.42
Arizona,Real Per Capita PCE,Trump,Donald Trump,2017-2021,14.01,3.47
Arkansas,Real Per Capita PCE,Trump,Donald Trump,2017-2021,9.87,2.43
California,Real Per Capita PCE,Trump,Donald Trump,2017-2021,12.79,3.19
Colorado,Real Per Capita PCE,Trump,Donald Trump,2017-2021,12.77,3.19
Connecticut,Real Per Capita PCE,Trump,Donald Trump,2017-2021,11.14,2.76
Delaware,Real Per Capita PCE,Trump,Donald Trump,2017-2021,7.61,1.92
District of Columbia,Real Per Capita PCE,Trump,Donald Trump,2017-2021,8.06,2.08
Florida,Real Per Capita PCE,Trump,Donald Trump,2017-2021,11.2,2.79
Georgia,Real Per Capita PCE,Trump,Donald Trump,2017-2021,9.76,2.43
Hawaii,Real Per Capita PCE,Trump,Donald Trump,2017-2021,6.55,1.74
Idaho,Real Per Capita PCE,Trump,Donald Trump,2017-2021,15.34,3.7
Illinois,Real Per Capita PCE,Trump,Donald Trump,2017-2021,7.94,2.0
Indiana,Real Per Capita PCE,Trump,Donald Trump,2017-2021,6.65,1.66
Iowa,Real Per Capita PCE,Trump,Donald Trump,2017-2021,5.12,1.34
Kansas,Real Per Capita PCE,Trump,Donald Trump,2017-2021,6.87,1.73
Kentucky,Real Per Capita PCE,Trump,Donald Trump,2017-2021,10.68,2.63
Louisiana,Real Per Capita PCE,Trump,Donald Trump,2017-2021,10.43,2.58
Maine,Real Per Capita PCE,Trump,Donald Trump,2017-2021,10.37,2.59
Maryland,Real Per Capita PCE,Trump,Donald Trump,2017-2021,4.32,1.17
Massachusetts,Real Per Capita PCE,Trump,Donald Trump,2017-2021,7.74,2.05
Michigan,Real Per Capita PCE,Trump,Donald Trump,2017-2021,5.79,1.49
Minnesota,Real Per Capita PCE,Trump,Donald Trump,2017-2021,1.58,0.48
Mississippi,Real Per Capita PCE,Trump,Donald Trump,2017-2021,11.17,2.71
Missouri,Real Per Capita PCE,Trump,Donald Trump,2017-2021,7.01,1.77
Montana,Real Per Capita PCE,Trump,Donald Trump,2017-2021,15.08,3.67
Nebraska,Real Per Capita PCE,Trump,Donald Trump,2017-2021,5.46,1.45
Nevada,Real Per Capita PCE,Trump,Donald Trump,2017-2021,14.36,3.56
New Hampshire,Real Per Capita PCE,Trump,Donald Trump,2017-2021,9.35,2.35
New Jersey,Real Per Capita PCE,Trump,Donald Trump,2017-2021,9.61,2.45
New Mexico,Real Per Capita PCE,Trump,Donald Trump,2017-2021,15.91,3.93
New York,Real Per Capita PCE,Trump,Donald Trump,2017-2021,7.89,2.03
North Carolina,Real Per Capita PCE,Trump,Donald Trump,2017-2021,11.17,2.71
North Dakota,Real Per Capita PCE,Trump,Donald Trump,2017-2021,2.57,0.69
Ohio,Real Per Capita PCE,Trump,Donald Trump,2017-2021,6.45,1.62
Oklahoma,Real Per Capita PCE,Trump,Donald Trump,2017-2021,9.04,2.25
Oregon,Real Per Capita PCE,Trump,Donald Trump,2017-2021,8.52,2.14
Pennsylvania,Real Per Capita PCE,Trump,Donald Trump,2017-2021,9.63,2.42
Rhode Island,Real Per Capita PCE,Trump,Donald Trump,2017-2021,9.72,2.41
South Carolina,Real Per Capita PCE,Trump,Donald Trump,2017-2021,8.94,2.19
South Dakota,Real Per Capita PCE,Trump,Donald Trump,2017-2021,5.81,1.51
Tennessee,Real Per Capita PCE,Trump,Donald Trump,2017-2021,13.56,3.3
Texas,Real Per Capita PCE,Trump,Donald Trump,2017-2021,8.83,2.22
Utah,Real Per Capita PCE,Trump,Donald Trump,2017-2021,22.13,5.2
Vermont,Real Per Capita PCE,Trump,Donald Trump,2017-2021,6.99,1.82
Virginia,Real Per Capita PCE,Trump,Donald Trump,2017-2021,6.63,1.68
Washington,Real Per Capita PCE,Trump,Donald Trump,2017-2021,8.55,2.15
West Virginia,Real Per Capita PCE,Trump,Donald Trump,2017-2021,5.89,1.45
Wisconsin,Real Per Capita PCE,Trump,Donald Trump,2017-2021,7.64,1.92
Wyoming,Real Per Capita PCE,Trump,Donald Trump,2017-2021,15.83,3.79
United States,Total Employment,Trump,Donald Trump,2017-2021,3.21,0.83
Alabama,Total Employment,Trump,Donald Trump,2017-2021,4.53,1.13
Alaska,Total Employment,Trump,Donald Trump,2017-2021,-2.75,-0.65
Arizona,Total Employment,Trump,Donald Trump,2017-2021,9.22,2.24
Arkansas,Total Employment,Trump,Donald Trump,2017-2021,2.72,0.69
California,Total Employment,Trump,Donald Trump,2017-2021,1.63,0.45
Colorado,Total Employment,Trump,Donald Trump,2017-2021,6.03,1.5
Connecticut,Total Employment,Trump,Donald Trump,2017-2021,-0.47,-0.09
Delaware,Total Employment,Trump,Donald Trump,2017-2021,6.08,1.51
District of Columbia,Total Employment,Trump,Donald Trump,2017-2021,-3.67,-0.89
Florida,Total Employment,Trump,Donald Trump,2017-2021,11.23,2.72
Georgia,Total Employment,Trump,Donald Trump,2017-2021,8.33,2.04
Hawaii,Total Employment,Trump,Donald Trump,2017-2021,-6.56,-1.51
Idaho,Total Employment,Trump,Donald Trump,2017-2021,12.81,3.07
Illinois,Total Employment,Trump,Donald Trump,2017-2021,-0.94,-0.2
Indiana,Total Employment,Trump,Donald Trump,2017-2021,1.91,0.5
Iowa,Total Employment,Trump,Donald Trump,2017-2021,-0.29,-0.05
Kansas,Total Employment,Trump,Donald Trump,2017-2021,0.35,0.1
Kentucky,Total Employment,Trump,Donald Trump,2017-2021,1.44,0.39
Louisiana,Total Employment,Trump,Donald Trump,2017-2021,0.05,0.06
Maine,Total Employment,Trump,Donald Trump,2017-2021,1.79,0.49
Maryland,Total Employment,Trump,Donald Trump,2017-2021,1.44,0.39
Massachusetts,Total Employment,Trump,Donald Trump,2017-2021,-0.02,0.06
Michigan,Total Employment,Trump,Donald Trump,2017-2021,-0.51,-0.06
Minnesota,Total Employment,Trump,Donald Trump,2017-2021,-0.66,-0.12
Mississippi,Total Employment,Trump,Donald Trump,2017-2021,2.03,0.52
Missouri,Total Employment,Trump,Donald Trump,2017-2021,1.52,0.39
Montana,Total Employment,Trump,Donald Trump,2017-2021,6.01,1.49
Nebraska,Total Employment,Trump,Donald Trump,2017-2021,1.27,0.33
Nevada,Total Employment,Trump,Donald Trump,2017-2021,7.42,1.93
New Hampshire,Total Employment,Trump,Donald Trump,2017-2021,1.38,0.38
New Jersey,Total Employment,Trump,Donald Trump,2017-2021,2.5,0.68
New Mexico,Total Employment,Trump,Donald Trump,2017-2021,-0.39,-0.07
New York,Total Employment,Trump,Donald Trump,2017-2021,-1.33,-0.26
North Carolina,Total Employment,Trump,Donald Trump,2017-2021,6.73,1.66
North Dakota,Total Employment,Trump,Donald Trump,2017-2021,-0.98,-0.23
Ohio,Total Employment,Trump,Donald Trump,2017-2021,0.86,0.24
Oklahoma,Total Employment,Trump,Donald Trump,2017-2021,0.85,0.22
Oregon,Total Employment,Trump,Donald Trump,2017-2021,1.71,0.45
Pennsylvania,Total Employment,Trump,Donald Trump,2017-2021,-0.18,-0.0
Rhode Island,Total Employment,Trump,Donald Trump,2017-2021,0.21,0.11
South Carolina,Total Employment,Trump,Donald Trump,2017-2021,6.46,1.6
South Dakota,Total Employment,Trump,Donald Trump,2017-2021,3.95,0.98
Tennessee,Total Employment,Trump,Donald Trump,2017-2021,6.58,1.63
Texas,Total Employment,Trump,Donald Trump,2017-2021,8.46,2.08
Utah,Total Employment,Trump,Donald Trump,2017-2021,12.75,3.06
Vermont,Total Employment,Trump,Donald Trump,2017-2021,-3.38,-0.81
Virginia,Total Employment,Trump,Donald Trump,2017-2021,3.12,0.79
Washington,Total Employment,Trump,Donald Trump,2017-2021,3.21,0.83
West Virginia,Total Employment,Trump,Donald Trump,2017-2021,-2.72,-0.65
Wisconsin,Total Employment,Trump,Donald Trump,2017-2021,0.1,0.05
Wyoming,Total Employment,Trump,Donald Trump,2017-2021,5.22,1.31
United States,Real GDP,Biden,Joe Biden,2021-2023,5.47,2.7
Alabama,Real GDP,Biden,Joe Biden,2021-2023,4.98,2.46
Alaska,Real GDP,Biden,Joe Biden,2021-2023,5.06,2.58
Arizona,Real GDP,Biden,Joe Biden,2021-2023,6.93,3.41
Arkansas,Real GDP,Biden,Joe Biden,2021-2023,3.93,1.95
California,Real GDP,Biden,Joe Biden,2021-2023,3.0,1.49
Colorado,Real GDP,Biden,Joe Biden,2021-2023,7.53,3.7
Connecticut,Real GDP,Biden,Joe Biden,2021-2023,6.22,3.06
Delaware,Real GDP,Biden,Joe Biden,2021-2023,4.5,2.23
District of Columbia,Real GDP,Biden,Joe Biden,2021-2023,2.01,1.0
Florida,Real GDP,Biden,Joe Biden,2021-2023,10.44,5.1
Georgia,Real GDP,Biden,Joe Biden,2021-2023,5.47,2.7
Hawaii,Real GDP,Biden,Joe Biden,2021-2023,4.98,2.46
Idaho,Real GDP,Biden,Joe Biden,2021-2023,7.79,3.82
Illinois,Real GDP,Biden,Joe Biden,2021-2023,3.48,1.73
Indiana,Real GDP,Biden,Joe Biden,2021-2023,4.43,2.2
Iowa,Real GDP,Biden,Joe Biden,2021-2023,0.45,0.22
Kansas,Real GDP,Biden,Joe Biden,2021-2023,6.37,3.14
Kentucky,Real GDP,Biden,Joe Biden,2021-2023,4.32,2.14
Louisiana,Real GDP,Biden,Joe Biden,2021-2023,4.53,2.28
Maine,Real GDP,Biden,Joe Biden,2021-2023,5.7,2.81
Maryland,Real GDP,Biden,Joe Biden,2021-2023,3.91,1.94
Massachusetts,Real GDP,Biden,Joe Biden,2021-2023,3.29,1.63
Michigan,Real GDP,Biden,Joe Biden,2021-2023,4.5,2.23
Minnesota,Real GDP,Biden,Joe Biden,2021-2023,3.43,1.7
Mississippi,Real GDP,Biden,Joe Biden,2021-2023,3.35,1.66
Missouri,Real GDP,Biden,Joe Biden,2021-2023,5.1,2.52
Montana,Real GDP,Biden,Joe Biden,2021-2023,7.63,3.75
Nebraska,Real GDP,Biden,Joe Biden,2021-2023,7.47,3.67
Nevada,Real GDP,Biden,Joe Biden,2021-2023,7.09,3.49
New Hampshire,Real GDP,Biden,Joe Biden,2021-2023,3.91,1.94
New Jersey,Real GDP,Biden,Joe Biden,2021-2023,4.97,2.45
New Mexico,Real GDP,Biden,Joe Biden,2021-2023,9.32,4.58
New York,Real GDP,Biden,Joe Biden,2021-2023,3.17,1.57
North Carolina,Real GDP,Biden,Joe Biden,2021-2023,6.31,3.1
North Dakota,Real GDP,Biden,Joe Biden,2021-2023,6.96,3.51
Ohio,Real GDP,Biden,Joe Biden,2021-2023,2.8,1.39
Oklahoma,Real GDP,Biden,Joe Biden,2021-2023,7.1,3.56
Oregon,Real GDP,Biden,Joe Biden,2021-2023,4.64,2.3
Pennsylvania,Real GDP,Biden,Joe Biden,2021-2023,4.4,2.18
Rhode Island,Real GDP,Biden,Joe Biden,2021-2023,4.07,2.01
South Carolina,Real GDP,Biden,Joe Biden,2021-2023,6.73,3.31
South Dakota,Real GDP,Biden,Joe Biden,2021-2023,3.17,1.59
Tennessee,Real GDP,Biden,Joe Biden,2021-2023,5.46,2.7
Texas,Real GDP,Biden,Joe Biden,2021-2023,11.6,5.66
Utah,Real GDP,Biden,Joe Biden,2021-2023,7.13,3.51
Vermont,Real GDP,Biden,Joe Biden,2021-2023,4.49,2.22
Virginia,Real GDP,Biden,Joe Biden,2021-2023,5.68,2.8
Washington,Real GDP,Biden,Joe Biden,2021-2023,7.49,3.69
West Virginia,Real GDP,Biden,Joe Biden,2021-2023,6.64,3.28
Wisconsin,Real GDP,Biden,Joe Biden,2021-2023,3.01,1.49
Wyoming,Real GDP,Biden,Joe Biden,2021-2023,8.29,4.09
United States,Real Personal Income,Biden,Joe Biden,2021-2023,-1.21,-0.57
Alabama,Real Personal Income,Biden,Joe Biden,2021-2023,-3.97,-1.99
Alaska,Real Personal Income,Biden,Joe Biden,2021-2023,1.44,0.72
Arizona,Real Personal Income,Biden,Joe Biden,2021-2023,-3.2,-1.55
Arkansas,Real Personal Income,Biden,Joe Biden,2021-2023,2.56,1.27
California,Real Personal Income,Biden,Joe Biden,2021-2023,-5.58,-2.74
Colorado,Real Personal Income,Biden,Joe Biden,2021-2023,3.44,1.7
Connecticut,Real Personal Income,Biden,Joe Biden,2021-2023,-1.09,-0.42
Delaware,Real Personal Income,Biden,Joe Biden,2021-2023,2.07,1.03
District of Columbia,Real Personal Income,Biden,Joe Biden,2021-2023,0.82,0.5
Florida,Real Personal Income,Biden,Joe Biden,2021-2023,1.21,0.63
Georgia,Real Personal Income,Biden,Joe Biden,2021-2023,-2.39,-1.19
Hawaii,Real Personal Income,Biden,Joe Biden,2021-2023,0.59,0.36
Idaho,Real Personal Income,Biden,Joe Biden,2021-2023,0.06,0.05
Illinois,Real Personal Income,Biden,Joe Biden,2021-2023,-0.79,-0.31
Indiana,Real Personal Income,Biden,Joe Biden,2021-2023,-2.33,-1.16
Iowa,Real Personal Income,Biden,Joe Biden,2021-2023,-1.22,-0.6
Kansas,Real Personal Income,Biden,Joe Biden,2021-2023,2.71,1.35
Kentucky,Real Personal Income,Biden,Joe Biden,2021-2023,-4.32,-2.15
Louisiana,Real Personal Income,Biden,Joe Biden,2021-2023,-1.12,-0.47
Maine,Real Personal Income,Biden,Joe Biden,2021-2023,0.82,0.55
Maryland,Real Personal Income,Biden,Joe Biden,2021-2023,0.7,0.38
Massachusetts,Real Personal Income,Biden,Joe Biden,2021-2023,-3.59,-1.72
Michigan,Real Personal Income,Biden,Joe Biden,2021-2023,-2.91,-1.44
Minnesota,Real Personal Income,Biden,Joe Biden,2021-2023,-2.61,-1.31
Mississippi,Real Personal Income,Biden,Joe Biden,2021-2023,-5.8,-2.84
Missouri,Real Personal Income,Biden,Joe Biden,2021-2023,0.51,0.27
Montana,Real Personal Income,Biden,Joe Biden,2021-2023,3.2,1.59
Nebraska,Real Personal Income,Biden,Joe Biden,2021-2023,3.94,1.95
Nevada,Real Personal Income,Biden,Joe Biden,2021-2023,-1.74,-0.83
New Hampshire,Real Personal Income,Biden,Joe Biden,2021-2023,-4.8,-2.21
New Jersey,Real Personal Income,Biden,Joe Biden,2021-2023,-1.99,-0.96
New Mexico,Real Personal Income,Biden,Joe Biden,2021-2023,-2.11,-1.04
New York,Real Personal Income,Biden,Joe Biden,2021-2023,-1.83,-0.88
North Carolina,Real Personal Income,Biden,Joe Biden,2021-2023,0.06,0.05
North Dakota,Real Personal Income,Biden,Joe Biden,2021-2023,2.03,1.05
Ohio,Real Personal Income,Biden,Joe Biden,2021-2023,-2.55,-1.25
Oklahoma,Real Personal Income,Biden,Joe Biden,2021-2023,3.76,1.86
Oregon,Real Personal Income,Biden,Joe Biden,2021-2023,-3.74,-1.74
Pennsylvania,Real Personal Income,Biden,Joe Biden,2021-2023,-4.15,-2.08
Rhode Island,Real Personal Income,Biden,Joe Biden,2021-2023,-2.4,-1.06
South Carolina,Real Personal Income,Biden,Joe Biden,2021-2023,1.15,0.61
South Dakota,Real Personal Income,Biden,Joe Biden,2021-2023,2.42,1.2
Tennessee,Real Personal Income,Biden,Joe Biden,2021-2023,-2.06,-1.0
Texas,Real Personal Income,Biden,Joe Biden,2021-2023,3.84,1.91
Utah,Real Personal Income,Biden,Joe Biden,2021-2023,1.48,0.75
Vermont,Real Personal Income,Biden,Joe Biden,2021-2023,1.54,0.89
Virginia,Real Personal Income,Biden,Joe Biden,2021-2023,1.81,0.94
Washington,Real Personal Income,Biden,Joe Biden,2021-2023,0.34,0.27
West Virginia,Real Personal Income,Biden,Joe Biden,2021-2023,-1.74,-0.86
Wisconsin,Real Personal Income,Biden,Joe Biden,2021-2023,-2.23,-1.11
Wyoming,Real Personal Income,Biden,Joe Biden,2021-2023,6.03,2.99
United States,Real PCE,Biden,Joe Biden,2021-2023,5.64,2.78
Alabama,Real PCE,Biden,Joe Biden,2021-2023,1.25,0.63
Alaska,Real PCE,Biden,Joe Biden,2021-2023,8.07,3.97
Arizona,Real PCE,Biden,Joe Biden,2021-2023,3.12,1.55
Arkansas,Real PCE,Biden,Joe Biden,2021-2023,5.79,2.86
California,Real PCE,Biden,Joe Biden,2021-2023,5.28,2.61
Colorado,Real PCE,Biden,Joe Biden,2021-2023,8.87,4.34
Connecticut,Real PCE,Biden,Joe Biden,2021-2023,2.8,1.46
Delaware,Real PCE,Biden,Joe Biden,2021-2023,3.36,1.67
District of Columbia,Real PCE,Biden,Joe Biden,2021-2023,7.18,3.55
Florida,Real PCE,Biden,Joe Biden,2021-2023,7.78,3.82
Georgia,Real PCE,Biden,Joe Biden,2021-2023,5.0,2.47
Hawaii,Real PCE,Biden,Joe Biden,2021-2023,8.6,4.21
Idaho,Real PCE,Biden,Joe Biden,2021-2023,8.53,4.18
Illinois,Real PCE,Biden,Joe Biden,2021-2023,7.77,3.82
Indiana,Real PCE,Biden,Joe Biden,2021-2023,5.79,2.87
Iowa,Real PCE,Biden,Joe Biden,2021-2023,3.5,1.75
Kansas,Real PCE,Biden,Joe Biden,2021-2023,6.34,3.13
Kentucky,Real PCE,Biden,Joe Biden,2021-2023,2.8,1.39
Louisiana,Real PCE,Biden,Joe Biden,2021-2023,5.75,2.84
Maine,Real PCE,Biden,Joe Biden,2021-2023,6.61,3.33
Maryland,Real PCE,Biden,Joe Biden,2021-2023,6.2,3.06
Massachusetts,Real PCE,Biden,Joe Biden,2021-2023,3.59,1.8
Michigan,Real PCE,Biden,Joe Biden,2021-2023,2.19,1.09
Minnesota,Real PCE,Biden,Joe Biden,2021-2023,4.62,2.29
Mississippi,Real PCE,Biden,Joe Biden,2021-2023,1.88,0.94
Missouri,Real PCE,Biden,Joe Biden,2021-2023,5.4,2.67
Montana,Real PCE,Biden,Joe Biden,2021-2023,7.39,3.64
Nebraska,Real PCE,Biden,Joe Biden,2021-2023,5.76,2.86
Nevada,Real PCE,Biden,Joe Biden,2021-2023,5.08,2.51
New Hampshire,Real PCE,Biden,Joe Biden,2021-2023,3.39,1.72
New Jersey,Real PCE,Biden,Joe Biden,2021-2023,4.04,2.0
New Mexico,Real PCE,Biden,Joe Biden,2021-2023,3.09,1.53
New York,Real PCE,Biden,Joe Biden,2021-2023,7.83,3.84
North Carolina,Real PCE,Biden,Joe Biden,2021-2023,6.28,3.09
North Dakota,Real PCE,Biden,Joe Biden,2021-2023,5.72,2.82
Ohio,Real PCE,Biden,Joe Biden,2021-2023,3.66,1.81
Oklahoma,Real PCE,Biden,Joe Biden,2021-2023,6.38,3.14
Oregon,Real PCE,Biden,Joe Biden,2021-2023,2.91,1.46
Pennsylvania,Real PCE,Biden,Joe Biden,2021-2023,3.18,1.59
Rhode Island,Real PCE,Biden,Joe Biden,2021-2023,4.12,2.1
South Carolina,Real PCE,Biden,Joe Biden,2021-2023,7.49,3.68
South Dakota,Real PCE,Biden,Joe Biden,2021-2023,7.15,3.53
Tennessee,Real PCE,Biden,Joe Biden,2021-2023,4.22,2.09
Texas,Real PCE,Biden,Joe Biden,2021-2023,8.33,4.09
Utah,Real PCE,Biden,Joe Biden,2021-2023,7.12,3.51
Vermont,Real PCE,Biden,Joe Biden,2021-2023,5.91,2.98
Virginia,Real PCE,Biden,Joe Biden,2021-2023,6.91,3.4
Washington,Real PCE,Biden,Joe Biden,2021-2023,5.69,2.81
West Virginia,Real PCE,Biden,Joe Biden,2021-2023,4.42,2.19
Wisconsin,Real PCE,Biden,Joe Biden,2021-2023,4.87,2.42
Wyoming,Real PCE,Biden,Joe Biden,2021-2023,6.07,2.99
United States,Real Per Capita Personal Income,Biden,Joe Biden,2021-2023,-2.06,-1.0
Alabama,Real Per Capita Personal Income,Biden,Joe Biden,2021-2023,-5.06,-2.55
Alaska,Real Per Capita Personal Income,Biden,Joe Biden,2021-2023,1.65,0.82
Arizona,Real Per Capita Personal Income,Biden,Joe Biden,2021-2023,-5.27,-2.6
Arkansas,Real Per Capita Personal Income,Biden,Joe Biden,2021-2023,1.24,0.62
California,Real Per Capita Personal Income,Biden,Joe Biden,2021-2023,-5.15,-2.52
Colorado,Real Per Capita Personal Income,Biden,Joe Biden,2021-2023,2.28,1.13
Connecticut,Real Per Capita Personal Income,Biden,Joe Biden,2021-2023,-1.46,-0.61
Delaware,Real Per Capita Personal Income,Biden,Joe Biden,2021-2023,-0.6,-0.3
District of Columbia,Real Per Capita Personal Income,Biden,Joe Biden,2021-2023,-0.65,-0.25
Florida,Real Per Capita Personal Income,Biden,Joe Biden,2021-2023,-2.29,-1.12
Georgia,Real Per Capita Personal Income,Biden,Joe Biden,2021-2023,-4.51,-2.26
Hawaii,Real Per Capita Personal Income,Biden,Joe Biden,2021-2023,1.4,0.76
Idaho,Real Per Capita Personal Income,Biden,Joe Biden,2021-2023,-3.0,-1.49
Illinois,Real Per Capita Personal Income,Biden,Joe Biden,2021-2023,0.33,0.23
Indiana,Real Per Capita Personal Income,Biden,Joe Biden,2021-2023,-3.02,-1.51
Iowa,Real Per Capita Personal Income,Biden,Joe Biden,2021-2023,-1.5,-0.74
Kansas,Real Per Capita Personal Income,Biden,Joe Biden,2021-2023,2.62,1.3
Kentucky,Real Per Capita Personal Income,Biden,Joe Biden,2021-2023,-4.71,-2.36
Louisiana,Real Per Capita Personal Income,Biden,Joe Biden,2021-2023,0.04,0.1
Maine,Real Per Capita Personal Income,Biden,Joe Biden,2021-2023,-0.4,-0.05
Maryland,Real Per Capita Personal Income,Biden,Joe Biden,2021-2023,0.61,0.33
Massachusetts,Real Per Capita Personal Income,Biden,Joe Biden,2021-2023,-3.72,-1.79
Michigan,Real Per Capita Personal Income,Biden,Joe Biden,2021-2023,-2.9,-1.43
Minnesota,Real Per Capita Personal Income,Biden,Joe Biden,2021-2023,-2.95,-1.48
Mississippi,Real Per Capita Personal Income,Biden,Joe Biden,2021-2023,-5.48,-2.69
Missouri,Real Per Capita Personal Income,Biden,Joe Biden,2021-2023,0.09,0.05
Montana,Real Per Capita Personal Income,Biden,Joe Biden,2021-2023,0.79,0.4
Nebraska,Real Per Capita Personal Income,Biden,Joe Biden,2021-2023,3.2,1.59
Nevada,Real Per Capita Personal Income,Biden,Joe Biden,2021-2023,-3.2,-1.57
New Hampshire,Real Per Capita Personal Income,Biden,Joe Biden,2021-2023,-5.78,-2.7
New Jersey,Real Per Capita Personal Income,Biden,Joe Biden,2021-2023,-2.22,-1.08
New Mexico,Real Per Capita Personal Income,Biden,Joe Biden,2021-2023,-1.99,-0.98
New York,Real Per Capita Personal Income,Biden,Joe Biden,2021-2023,-0.41,-0.17
North Carolina,Real Per Capita Personal Income,Biden,Joe Biden,2021-2023,-2.42,-1.2
North Dakota,Real Per Capita Personal Income,Biden,Joe Biden,2021-2023,1.26,0.68
Ohio,Real Per Capita Personal Income,Biden,Joe Biden,2021-2023,-2.72,-1.34
Oklahoma,Real Per Capita Personal Income,Biden,Joe Biden,2021-2023,2.17,1.08
Oregon,Real Per Capita Personal Income,Biden,Joe Biden,2021-2023,-3.21,-1.48
Pennsylvania,Real Per Capita Personal Income,Biden,Joe Biden,2021-2023,-3.77,-1.88
Rhode Island,Real Per Capita Personal Income,Biden,Joe Biden,2021-2023,-2.29,-1.02
South Carolina,Real Per Capita Personal Income,Biden,Joe Biden,2021-2023,-2.23,-1.08
South Dakota,Real Per Capita Personal Income,Biden,Joe Biden,2021-2023,-0.14,-0.07
Tennessee,Real Per Capita Personal Income,Biden,Joe Biden,2021-2023,-4.3,-2.14
Texas,Real Per Capita Personal Income,Biden,Joe Biden,2021-2023,0.64,0.33
Utah,Real Per Capita Personal Income,Biden,Joe Biden,2021-2023,-0.84,-0.41
Vermont,Real Per Capita Personal Income,Biden,Joe Biden,2021-2023,1.48,0.86
Virginia,Real Per Capita Personal Income,Biden,Joe Biden,2021-2023,1.13,0.6
Washington,Real Per Capita Personal Income,Biden,Joe Biden,2021-2023,-0.58,-0.18
West Virginia,Real Per Capita Personal Income,Biden,Joe Biden,2021-2023,-0.9,-0.44
Wisconsin,Real Per Capita Personal Income,Biden,Joe Biden,2021-2023,-2.74,-1.37
Wyoming,Real Per Capita Personal Income,Biden,Joe Biden,2021-2023,5.21,2.59
United States,Real Per Capita PCE,Biden,Joe Biden,2021-2023,4.74,2.34
Alabama,Real Per Capita PCE,Biden,Joe Biden,2021-2023,0.1,0.06
Alaska,Real Per Capita PCE,Biden,Joe Biden,2021-2023,8.29,4.07
Arizona,Real Per Capita PCE,Biden,Joe Biden,2021-2023,0.92,0.46
Arkansas,Real Per Capita PCE,Biden,Joe Biden,2021-2023,4.44,2.2
California,Real Per Capita PCE,Biden,Joe Biden,2021-2023,5.77,2.84
Colorado,Real Per Capita PCE,Biden,Joe Biden,2021-2023,7.65,3.76
Connecticut,Real Per Capita PCE,Biden,Joe Biden,2021-2023,2.42,1.27
Delaware,Real Per Capita PCE,Biden,Joe Biden,2021-2023,0.66,0.33
District of Columbia,Real Per Capita PCE,Biden,Joe Biden,2021-2023,5.61,2.78
Florida,Real Per Capita PCE,Biden,Joe Biden,2021-2023,4.06,2.01
Georgia,Real Per Capita PCE,Biden,Joe Biden,2021-2023,2.73,1.36
Hawaii,Real Per Capita PCE,Biden,Joe Biden,2021-2023,9.48,4.64
Idaho,Real Per Capita PCE,Biden,Joe Biden,2021-2023,5.21,2.57
Illinois,Real Per Capita PCE,Biden,Joe Biden,2021-2023,8.98,4.39
Indiana,Real Per Capita PCE,Biden,Joe Biden,2021-2023,5.04,2.5
Iowa,Real Per Capita PCE,Biden,Joe Biden,2021-2023,3.21,1.6
Kansas,Real Per Capita PCE,Biden,Joe Biden,2021-2023,6.25,3.09
Kentucky,Real Per Capita PCE,Biden,Joe Biden,2021-2023,2.38,1.18
Louisiana,Real Per Capita PCE,Biden,Joe Biden,2021-2023,6.98,3.43
Maine,Real Per Capita PCE,Biden,Joe Biden,2021-2023,5.32,2.71
Maryland,Real Per Capita PCE,Biden,Joe Biden,2021-2023,6.11,3.01
Massachusetts,Real Per Capita PCE,Biden,Joe Biden,2021-2023,3.45,1.73
Michigan,Real Per Capita PCE,Biden,Joe Biden,2021-2023,2.2,1.1
Minnesota,Real Per Capita PCE,Biden,Joe Biden,2021-2023,4.26,2.12
Mississippi,Real Per Capita PCE,Biden,Joe Biden,2021-2023,2.22,1.1
Missouri,Real Per Capita PCE,Biden,Joe Biden,2021-2023,4.96,2.45
Montana,Real Per Capita PCE,Biden,Joe Biden,2021-2023,4.88,2.42
Nebraska,Real Per Capita PCE,Biden,Joe Biden,2021-2023,5.0,2.49
Nevada,Real Per Capita PCE,Biden,Joe Biden,2021-2023,3.51,1.74
New Hampshire,Real Per Capita PCE,Biden,Joe Biden,2021-2023,2.32,1.2
New Jersey,Real Per Capita PCE,Biden,Joe Biden,2021-2023,3.8,1.88
New Mexico,Real Per Capita PCE,Biden,Joe Biden,2021-2023,3.21,1.59
New York,Real Per Capita PCE,Biden,Joe Biden,2021-2023,9.39,4.59
North Carolina,Real Per Capita PCE,Biden,Joe Biden,2021-2023,3.64,1.81
North Dakota,Real Per Capita PCE,Biden,Joe Biden,2021-2023,4.92,2.44
Ohio,Real Per Capita PCE,Biden,Joe Biden,2021-2023,3.47,1.72
Oklahoma,Real Per Capita PCE,Biden,Joe Biden,2021-2023,4.74,2.35
Oregon,Real Per Capita PCE,Biden,Joe Biden,2021-2023,3.47,1.73
Pennsylvania,Real Per Capita PCE,Biden,Joe Biden,2021-2023,3.6,1.8
Rhode Island,Real Per Capita PCE,Biden,Joe Biden,2021-2023,4.23,2.15
South Carolina,Real Per Capita PCE,Biden,Joe Biden,2021-2023,3.89,1.93
South Dakota,Real Per Capita PCE,Biden,Joe Biden,2021-2023,4.47,2.22
Tennessee,Real Per Capita PCE,Biden,Joe Biden,2021-2023,1.84,0.92
Texas,Real Per Capita PCE,Biden,Joe Biden,2021-2023,4.99,2.46
Utah,Real Per Capita PCE,Biden,Joe Biden,2021-2023,4.66,2.31
Vermont,Real Per Capita PCE,Biden,Joe Biden,2021-2023,5.85,2.95
Virginia,Real Per Capita PCE,Biden,Joe Biden,2021-2023,6.19,3.05
Washington,Real Per Capita PCE,Biden,Joe Biden,2021-2023,4.73,2.34
West Virginia,Real Per Capita PCE,Biden,Joe Biden,2021-2023,5.31,2.63
Wisconsin,Real Per Capita PCE,Biden,Joe Biden,2021-2023,4.32,2.15
Wyoming,Real Per Capita PCE,Biden,Joe Biden,2021-2023,5.25,2.59
United States,Total Employment,Biden,Joe Biden,2021-2023,6.71,3.3
Alabama,Total Employment,Biden,Joe Biden,2021-2023,6.15,3.03
Alaska,Total Employment,Biden,Joe Biden,2021-2023,5.47,2.7
Arizona,Total Employment,Biden,Joe Biden,2021-2023,7.29,3.58
Arkansas,Total Employment,Biden,Joe Biden,2021-2023,6.18,3.04
California,Total Employment,Biden,Joe Biden,2021-2023,6.21,3.06
Colorado,Total Employment,Biden,Joe Biden,2021-2023,6.38,3.14
Connecticut,Total Employment,Biden,Joe Biden,2021-2023,5.56,2.74
Delaware,Total Employment,Biden,Joe Biden,2021-2023,6.92,3.4
District of Columbia,Total Employment,Biden,Joe Biden,2021-2023,5.02,2.48
Florida,Total Employment,Biden,Joe Biden,2021-2023,9.66,4.72
Georgia,Total Employment,Biden,Joe Biden,2021-2023,7.5,3.69
Hawaii,Total Employment,Biden,Joe Biden,2021-2023,6.99,3.44
Idaho,Total Employment,Biden,Joe Biden,2021-2023,7.04,3.46
Illinois,Total Employment,Biden,Joe Biden,2021-2023,5.52,2.72
Indiana,Total Employment,Biden,Joe Biden,2021-2023,5.71,2.82
Iowa,Total Employment,Biden,Joe Biden,2021-2023,3.82,1.89
Kansas,Total Employment,Biden,Joe Biden,2021-2023,4.07,2.02
Kentucky,Total Employment,Biden,Joe Biden,2021-2023,6.0,2.96
Louisiana,Total Employment,Biden,Joe Biden,2021-2023,5.18,2.56
Maine,Total Employment,Biden,Joe Biden,2021-2023,4.77,2.36
Maryland,Total Employment,Biden,Joe Biden,2021-2023,6.06,2.98
Massachusetts,Total Employment,Biden,Joe Biden,2021-2023,5.75,2.83
Michigan,Total Employment,Biden,Joe Biden,2021-2023,6.21,3.06
Minnesota,Total Employment,Biden,Joe Biden,2021-2023,5.01,2.47
Mississippi,Total Employment,Biden,Joe Biden,2021-2023,4.88,2.41
Missouri,Total Employment,Biden,Joe Biden,2021-2023,4.92,2.43
Montana,Total Employment,Biden,Joe Biden,2021-2023,5.93,2.92
Nebraska,Total Employment,Biden,Joe Biden,2021-2023,4.78,2.36
Nevada,Total Employment,Biden,Joe Biden,2021-2023,10.97,5.35
New Hampshire,Total Employment,Biden,Joe Biden,2021-2023,5.66,2.79
New Jersey,Total Employment,Biden,Joe Biden,2021-2023,8.08,3.97
New Mexico,Total Employment,Biden,Joe Biden,2021-2023,6.85,3.37
New York,Total Employment,Biden,Joe Biden,2021-2023,7.74,3.8
North Carolina,Total Employment,Biden,Joe Biden,2021-2023,7.21,3.54
North Dakota,Total Employment,Biden,Joe Biden,2021-2023,5.42,2.67
Ohio,Total Employment,Biden,Joe Biden,2021-2023,4.94,2.44
Oklahoma,Total Employment,Biden,Joe Biden,2021-2023,6.22,3.06
Oregon,Total Employment,Biden,Joe Biden,2021-2023,5.23,2.58
Pennsylvania,Total Employment,Biden,Joe Biden,2021-2023,5.83,2.87
Rhode Island,Total Employment,Biden,Joe Biden,2021-2023,6.44,3.17
South Carolina,Total Employment,Biden,Joe Biden,2021-2023,7.24,3.55
South Dakota,Total Employment,Biden,Joe Biden,2021-2023,5.12,2.53
Tennessee,Total Employment,Biden,Joe Biden,2021-2023,7.32,3.6
Texas,Total Employment,Biden,Joe Biden,2021-2023,8.73,4.28
Utah,Total Employment,Biden,Joe Biden,2021-2023,7.41,3.64
Vermont,Total Employment,Biden,Joe Biden,2021-2023,5.04,2.49
Virginia,Total Employment,Biden,Joe Biden,2021-2023,6.08,3.0
Washington,Total Employment,Biden,Joe Biden,2021-2023,6.71,3.3
West Virginia,Total Employment,Biden,Joe Biden,2021-2023,4.53,2.24
Wisconsin,Total Employment,Biden,Joe Biden,2021-2023,4.69,2.32
Wyoming,Total Employment,Biden,Joe Biden,2021-2023,5.52,2.73
